2436,1.59271,12.2853,1.55576
2435,4.50402,12.1028,0.128721
2434,2.86822,10.0707,-11.2619
2433,1.80151,7.88331,0.15699
2432,1.23617,9.56243,-1.69547
2431,1.78891,10.1893,-3.18228
2430,-1.38792,6.28267,1.5564
2429,1.52121,10.9578,-1.9017
2428,4.6744,12.4875,-1.20795
2427,3.62768,10.9405,-4.0887
2426,5.15632,10.1219,-2.88966
2425,4.40265,12.0698,-8.7322
2424,5.39053,12.4418,-0.37378
2423,2.58234,13.5799,3.28479
2422,3.39832,13.2144,-3.05402
2421,6.52225,14.4725,-9.51696
2420,5.72926,9.15093,-2.03098
2419,1.12831,10.913,-0.699368
2418,6.65203,11.3676,-8.13215
2417,4.13992,15.0677,-2.60073
2416,1.78906,13.7797,-0.808159
2415,3.8799,10.0906,-3.05311
2414,6.36869,13.6837,-1.91725
2413,5.57603,9.09126,-0.0649893
2412,2.01651,8.45,-6.04866
2411,0.714638,16.6857,6.41785
2410,4.91735,10.8358,-2.97822
2409,3.71973,13.2254,-4.32899
2408,5.3699,11.1718,-0.29199
2407,5.91182,9.30231,-2.34275
2406,5.80945,9.01698,-5.47317
2405,5.90344,11.2896,-3.37213
2404,5.38813,13.2407,-1.16059
2403,3.93408,12.1864,-4.46159
2402,0.353468,6.21611,-0.485783
2401,5.30566,12.4575,-6.8924
2400,6.03148,10.7201,-3.94068
2399,3.01532,15.4798,2.50892
2398,6.12238,9.72242,-2.27212
2397,1.40665,13.1218,3.98348
2396,1.42923,15.7119,7.11429
2395,8.46402,10.1254,-6.48079
2394,6.90942,16.0927,-7.24491
2393,5.81138,9.89527,-3.92163
2392,4.73514,8.41413,-5.01581
2391,8.42979,12.7975,-1.86964
2390,5.44887,10.3023,-1.0833
2389,7.93389,11.4544,-3.59174
2388,3.25821,11.1875,-1.37328
2387,2.54641,15.9549,5.15888
2386,5.19334,9.25874,-2.19609
2385,6.73383,8.42314,-4.17783
2384,3.3136,10.3549,4.41106
2383,3.31214,11.7485,3.05008
2382,2.55799,10.679,1.28145
2381,5.55732,10.3008,-0.599299
2380,6.58777,11.4777,1.07507
2379,9.05575,12.9567,-5.1878
2378,6.85813,10.982,0.0884373
2377,9.08752,14.1423,-6.26795
2376,6.64172,7.46871,-3.25768
2375,6.44077,10.3469,-5.01044
2374,5.52202,11.6692,1.47027
2373,0.947035,10.0029,4.07382
2372,7.47003,13.3145,2.82896
2371,2.82947,7.12944,-5.67202
2370,5.89014,14.0657,4.97366
2369,6.3496,14.9297,2.23426
2368,6.92103,8.6573,-2.38362
2367,9.73915,14.1592,-4.34806
2366,7.68485,13.4026,-3.66163
2365,6.67574,9.7203,-8.98336
2364,3.50134,11.1035,4.34144
2363,6.92441,8.80126,-0.814083
2362,7.22717,9.98786,-0.0331252
2361,7.37195,10.2421,-2.69547
2360,7.40656,9.63754,-1.4869
2359,2.8757,8.69688,1.36473
2358,5.44595,9.39712,-1.46624
2357,4.58609,9.37058,1.42276
2356,6.77892,12.0748,-1.95142
2355,8.06411,8.15093,-3.2622
2354,7.51177,11.5255,2.28139
2353,7.09528,8.8352,-2.95254
2352,10.2061,11.1306,-4.69191
2351,7.4139,9.40893,-2.7803
2350,7.45345,16.1875,4.17156
2349,7.12516,17.6188,4.59134
2348,8.5203,12.8857,-0.391812
2347,8.20826,10.684,2.1099
2346,9.33395,14.7026,-3.0939
2345,5.0418,9.2325,-3.85406
2344,12.2563,14.2033,-8.64721
2343,4.90862,11.8055,5.32
2342,11.4198,14.084,-1.05871
2341,8.96785,17.9747,3.71934
2340,9.75013,17.1432,6.41094
2339,6.08538,13.6115,0.810129
2338,10.2845,12.7696,-4.40864
2337,10.2485,15.0437,-1.73999
2336,11.5505,12.4324,1.50349
2335,7.43083,12.8349,-4.78119
2334,8.2399,9.70336,-3.73256
2333,10.5468,13.4195,3.2774
2332,6.84749,6.72704,-10.479
2331,9.64937,9.37149,-1.86991
2330,10.0773,14.0249,-3.98075
2329,9.24441,7.55621,-4.71416
2328,7.77467,10.782,-4.80316
2327,9.61444,14.9623,0.491303
2326,11.0889,13.9376,-1.65025
2325,11.1701,10.1654,-3.18519
2324,5.79721,9.69171,5.089
2323,3.83281,9.5832,1.06479
2322,10.2585,10.7715,-0.927768
2321,10.4257,8.75803,-3.58942
2320,5.12236,9.57567,-2.41055
2319,6.04413,12.883,5.84015
2318,11.6456,11.4283,-3.4826
2317,10.9972,13.0103,-11.9343
2316,6.25712,13.6499,3.94086
2315,7.69838,12.8179,0.628572
2314,11.8709,11.0978,-1.05142
2313,10.9395,12.9153,0.229837
2312,9.36416,9.1549,-0.386757
2311,9.94881,13.5607,-4.72947
2310,8.75552,9.00719,-5.13608
2309,10.5155,8.53725,-5.65325
2308,10.8443,11.1231,-6.81357
2307,10.8095,10.7699,-0.620803
2306,11.6621,12.452,-5.02636
2305,9.72328,9.71867,-8.13409
2304,8.59906,8.75892,-3.23972
2303,13.6629,11.3354,-4.28444
2302,10.1252,6.9794,-6.37273
2301,13.2878,11.2671,0.419905
2300,14.77,12.1507,-2.1291
2299,2.72319,11.2187,5.37835
2298,13.353,11.6016,0.290938
2297,16.4461,12.9912,-8.69841
2296,6.97481,12.476,0.941113
2295,12.3468,13.9777,-2.02305
2294,12.7143,12.2823,-6.36198
2293,13.3842,16.1344,3.485
2292,6.86087,9.60712,-0.265435
2291,11.9336,9.63345,-5.07048
2290,15.8375,11.3457,-5.56155
2289,9.22284,12.128,1.94674
2288,10.6936,11.9545,1.59481
2287,10.5063,9.03263,-0.775799
2286,13.789,13.6489,-2.00689
2285,11.529,12.0132,-5.41898
2284,15.0261,13.2558,-6.05098
2283,8.57695,8.57602,-7.37043
2282,9.16432,9.3218,0.159392
2281,10.3064,14.3674,3.12774
2280,11.7655,14.5618,0.0932299
2279,11.2269,11.7916,4.79425
2278,11.6388,11.1564,0.728494
2277,11.9897,13.2438,0.126955
2276,12.8908,15.4405,4.0163
2275,14.5358,9.8249,-2.09022
2274,11.6955,10.2189,-2.10978
2273,16.3253,8.99454,-6.24777
2272,14.2377,11.3382,1.42295
2271,12.4208,11.2591,2.65349
2270,10.0429,10.1596,-5.55868
2269,11.3018,8.68014,0.110566
2268,12.9396,9.18511,0.975449
2267,13.526,10.0022,2.25511
2266,10.024,8.83957,-1.4867
2265,15.4383,13.6446,-2.34459
2264,14.8444,12.8744,0.752164
2263,12.7241,11.6607,-0.76777
2262,10.8123,7.76392,-2.61954
2261,15.6939,11.5778,-7.12504
2260,11.2626,9.98551,4.4158
2259,11.4775,11.5994,1.90786
2258,12.9491,10.8163,-6.32704
2257,14.419,11.529,-0.778681
2256,10.4453,11.1806,5.92882
2255,11.3601,14.3755,7.94565
2254,9.00157,9.05546,-2.91476
2253,15.4024,10.4984,1.80605
2252,14.6486,12.9217,-4.90659
2251,10.3687,11.2458,-2.75978
2250,15.0123,10.8664,-1.79561
2249,13.9172,10.1347,-2.52702
2248,14.2118,11.1128,-5.65456
2247,14.6634,11.2551,1.8878
2246,10.9149,8.04419,-10.9608
2245,15.9437,8.11759,-6.86005
2244,13.9298,8.11944,-0.181774
2243,15.8859,11.1892,-0.969715
2242,14.8201,9.24554,2.50998
2241,9.56963,9.81942,-0.71349
2240,9.88974,10.6025,4.47051
2239,12.9162,5.8259,-6.45469
2238,12.4501,8.64917,-1.28213
2237,10.7844,7.19459,-8.89318
2236,14.447,10.7716,2.65534
2235,12.3012,7.29004,-1.49946
2234,8.63689,11.9745,5.2078
2233,19.3976,11.4753,-4.94202
2232,11.5579,7.64113,-8.29249
2231,13.0599,9.4272,-1.17572
2230,17.0236,9.75327,-2.61173
2229,16.6718,11.9754,2.63125
2228,17.4242,8.73231,-2.00396
2227,16.3676,6.50478,-7.25968
2226,12.4686,6.63903,-5.58875
2225,12.1197,9.54834,3.97046
2224,15.5308,6.29235,-4.3087
2223,15.4406,7.99636,3.13101
2222,15.5168,5.60165,-2.18757
2221,17.0106,8.54267,-7.32183
2220,20.4201,9.14356,-0.72812
2219,16.2907,5.61689,-1.69801
2218,14.4618,6.47084,-0.136848
2217,16.793,8.83688,-1.0356
2216,20.0441,8.14797,-2.83012
2215,19.3278,5.75667,-6.18413
2214,13.376,5.97401,-5.04619
2213,20.3324,6.93818,1.69631
2212,13.4006,7.05257,-1.73381
2211,19.4054,6.7728,0.967786
2210,19.1871,4.09062,-3.29817
2209,19.1829,6.89407,-6.10587
2208,17.2987,9.56669,-2.51438
2207,11.5098,12.4141,6.7411
2206,16.9188,7.33277,-3.30994
2205,12.4332,9.06558,-5.52226
2204,14.0187,7.89021,0.786669
2203,19.2916,8.73081,-2.76853
2202,13.6395,6.49799,1.20315
2201,18.8197,6.99915,1.24932
2200,15.2878,6.73561,-0.377245
2199,23.2833,3.23409,1.72196
2198,17.6183,6.94614,4.48841
2197,17.9462,3.03899,-5.23488
2196,18.8844,3.00142,3.51877
2195,15.782,3.16223,-2.54218
2194,19.1266,5.4407,0.0777928
2193,21.295,0.817558,-8.41249
2192,18.3246,3.56341,-5.65577
2191,18.1301,1.39604,-2.19465
2190,19.1892,2.13126,-4.25297
2189,15.5082,2.17636,-7.19953
2188,19.1741,3.8063,1.2038
2187,21.0779,6.33289,6.52827
2186,20.1177,4.591,3.5922
2185,15.5675,6.25053,-4.91958
2184,13.8096,3.17559,-5.88248
2183,17.6966,3.214,-1.61669
2182,16.4925,1.21821,-2.87655
2181,19.3847,1.24603,-4.40896
2180,16.7411,3.10738,-9.82486
2179,16.1089,4.51049,-3.27367
2178,18.1707,4.87721,0.897831
2177,16.5488,5.57915,4.23647
2176,19.568,4.01904,2.05094
2175,15.2252,2.53266,-4.70851
2174,18.9126,0.545759,-3.64088
2173,19.7127,0.898401,-6.54069
2172,17.7062,3.47865,-11.117
2171,16.9941,-0.201017,-3.8504
2170,16.9623,6.67367,4.4065
2169,18.5859,1.45401,0.621046
2168,15.8812,0.127666,-5.32758
2167,16.2192,1.65885,-2.11843
2166,17.2599,-1.02392,-2.74878
2165,20.822,-0.020207,4.58463
2164,14.5748,-1.23985,-5.72849
2163,16.5165,0.326178,-9.93259
2162,19.6701,1.53652,1.63168
2161,17.5556,-3.18935,3.23387
2160,15.0316,-2.43746,-4.52435
2159,21.6009,-2.15138,5.32685
2158,16.6585,1.64842,-6.00775
2157,15.593,-2.67104,-3.03383
2156,19.2352,3.05858,1.09024
2155,19.4435,-4.6783,-3.25579
2154,16.8923,0.386579,0.533615
2153,18.1036,0.161553,-1.02775
2152,16.4121,-0.57428,-7.80985
2151,18.493,3.14526,6.53137
2150,16.5647,-1.79741,-5.51883
2149,13.5011,-1.81973,-5.85759
2148,18.4105,-5.23345,-2.5029
2147,17.6379,-0.9677,-7.58098
2146,16.051,-1.82584,0.481703
2145,17.8418,-1.73405,-6.13725
2144,18.1998,-4.80921,0.257022
2143,17.2182,-3.68351,-9.6412
2142,17.7191,-3.36323,-2.6564
2141,16.8773,0.437352,-1.59195
2140,17.2256,3.01337,-0.0299144
2139,17.6701,-3.33241,-7.56624
2138,13.9393,-1.19852,-3.20501
2137,18.744,-1.27163,-1.37583
2136,18.2075,-3.01539,-1.63688
2135,16.3709,1.36723,0.903575
2134,15.6651,-4.64301,-2.20043
2133,16.7927,-0.596831,-4.16396
2132,20.5189,-2.51323,1.45304
2131,17.6006,-3.77339,-0.997232
2130,15.309,-0.442267,-5.87407
2129,14.0029,-0.265345,-1.14334
2128,16.5018,0.450871,4.40031
2127,13.1492,-3.05622,-8.08575
2126,16.1939,-2.62771,-7.69934
2125,12.6102,-3.3246,-4.58692
2124,15.626,-5.01158,-4.29124
2123,13.2447,-7.93074,0.447279
2122,12.9058,-5.59787,-6.02158
2121,14.679,-2.4972,-1.21206
2120,17.0364,-0.144072,0.373583
2119,15.5099,-7.72738,4.05483
2118,12.2465,-4.08242,-2.59113
2117,12.7068,-4.90965,-3.79353
2116,17.4158,-8.3123,2.58624
2115,15.0928,-5.53656,-6.58642
2114,11.2678,-7.26055,-4.02799
2113,18.1057,-4.22647,7.94512
2112,11.7531,-4.47509,0.937274
2111,13.5093,-5.53389,-1.50173
2110,11.2367,-7.40913,2.74426
2109,14.1083,-5.63984,-0.531898
2108,14.2672,-3.66262,0.299109
2107,13.5677,-9.36627,-2.94845
2106,14.275,-9.06393,-1.01878
2105,15.1958,-8.10921,3.44538
2104,12.8475,-5.66008,-4.32195
2103,13.1672,-10.4882,0.225601
2102,12.2719,-5.52679,-6.36746
2101,10.6303,-6.98595,-4.25645
2100,11.4135,-10.3862,-5.06829
2099,11.3616,-7.7982,-7.4363
2098,11.4733,-11.4811,-9.7561
2097,12.0793,-4.92111,-4.45247
2096,12.6921,-4.63539,3.71823
2095,10.7831,-9.33881,-1.46305
2094,14.0152,-8.55927,-0.0793879
2093,15.1739,-4.08446,-2.84742
2092,11.1406,-7.78085,-9.32142
2091,9.09198,-6.48254,-2.76355
2090,9.23871,-5.22653,-6.82012
2089,9.83701,-10.782,-0.524054
2088,10.9129,-6.55491,-1.09664
2087,10.9742,-8.77668,3.74331
2086,11.5119,-7.6475,2.79419
2085,11.1698,-3.82427,-2.68128
2084,12.8527,-5.02813,-1.70999
2083,14.5123,-7.27243,1.9406
2082,10.1957,-7.69507,-2.89503
2081,13.2918,-6.02229,2.51191
2080,10.4717,-3.3725,-8.506
2079,9.63683,-6.04729,-5.20844
2078,11.6296,-6.99344,-8.22375
2077,12.4872,-3.88588,0.500297
2076,9.86707,-10.7456,-6.04356
2075,9.93654,-10.0995,-0.644557
2074,14.1603,-4.25948,1.70882
2073,10.9939,-6.69124,-10.9926
2072,10.1861,-9.84373,1.88738
2071,9.59775,-4.26477,-7.21279
2070,9.97769,-5.85802,-2.12066
2069,9.73171,-9.88753,-2.84803
2068,11.0899,-4.3969,-0.112956
2067,8.95654,-8.48721,-8.22256
2066,12.6349,-3.88833,0.033728
2065,10.4221,-7.14607,2.0033
2064,9.09171,-7.12055,-2.13195
2063,9.30316,-5.34565,-4.9728
2062,11.7799,-8.34524,1.96696
2061,12.5961,-4.81032,-5.83014
2060,10.5164,-5.59186,2.96957
2059,13.2491,-6.06342,5.56288
2058,10.1784,-11.497,-3.07579
2057,10.2216,-3.61427,-6.07868
2056,13.5083,-12.5765,7.96946
2055,0.030602,8.80625,2.90854
2054,1.63697,9.04844,3.35112
2053,-1.04178,11.5591,2.62295
2052,-0.207082,5.60664,9.12266
2051,-1.37103,8.84031,6.97615
2050,-2.76629,6.32296,9.8964
2049,2.79117,10.0556,7.39205
2048,4.5128,9.37188,3.06423
2047,2.27886,7.46905,4.22012
2046,5.53593,6.80855,-1.43813
2045,4.35763,9.79044,4.94688
2044,2.61577,10.1739,7.83824
2043,4.79574,12.3065,8.48507
2042,1.69505,10.7121,1.91409
2041,4.58952,8.73425,0.159017
2040,5.32238,12.1892,2.30763
2039,3.78187,8.55514,5.48775
2038,0.823937,5.91673,2.03463
2037,1.80078,13.8858,9.32874
2036,5.14005,8.03439,4.69429
2035,4.67647,6.18028,3.66118
2034,2.47807,8.7503,5.58982
2033,1.64132,4.48309,4.45925
2032,2.66994,8.36018,5.79575
2031,1.86309,5.8179,4.5165
2030,3.44904,8.47356,8.3162
2029,3.61162,8.64263,2.01761
2028,1.97978,11.2445,10.7008
2027,4.42699,11.2608,0.668231
2026,3.77466,8.98003,10.273
2025,0.866849,6.35884,5.56298
2024,3.5542,3.92691,-1.98409
2023,3.49563,11.8651,5.88608
2022,1.88948,13.3386,13.5594
2021,3.75467,10.7326,11.5206
2020,0.728763,7.02361,13.9465
2019,5.46922,11.4783,8.72093
2018,2.7229,9.32255,3.86083
2017,4.79777,7.32615,4.92072
2016,4.57686,13.3263,8.17585
2015,3.4502,11.6222,8.69575
2014,3.65823,12.6834,9.6034
2013,2.38876,14.0629,5.20453
2012,3.55384,12.5328,9.31688
2011,4.85531,11.7923,10.0217
2010,2.61053,7.16315,13.529
2009,2.42045,13.1173,13.1428
2008,1.00628,11.5845,13.303
2007,3.81783,15.0005,6.7403
2006,1.47442,11.0981,8.75563
2005,2.79157,8.59174,13.846
2004,2.37187,13.4147,7.3069
2003,2.31651,5.47133,2.28134
2002,3.72209,6.97885,13.8662
2001,1.58779,9.15094,14.4775
2000,4.61788,8.76045,4.26547
1999,3.32349,11.3315,7.34626
1998,6.80432,9.34303,6.42415
1997,6.27737,11.7163,2.20252
1996,5.65083,10.5321,7.71855
1995,4.27749,11.3734,10.9606
1994,3.81783,14.569,10.8299
1993,3.24056,15.8176,9.28549
1992,3.95643,10.2635,8.35263
1991,3.8996,6.94683,4.45271
1990,6.57704,15.3335,-2.17664
1989,3.15509,7.02587,12.791
1988,7.80252,10.6747,2.7745
1987,2.59142,7.6008,9.51303
1986,3.63525,14.4851,8.32027
1985,1.68797,8.82123,11.2859
1984,4.02444,10.736,5.73335
1983,5.88811,11.7318,14.8224
1982,4.98146,10.1347,9.52405
1981,1.98326,7.23074,12.1556
1980,2.56875,8.66246,12.2175
1979,2.98257,8.86916,4.654
1978,5.13787,11.7028,9.17196
1977,4.35937,8.86444,9.16368
1976,8.66699,13.5787,1.89016
1975,6.2367,6.81174,6.13884
1974,7.34626,12.6152,1.01246
1973,5.14402,6.21222,4.75906
1972,6.39426,9.80358,7.53441
1971,1.87875,8.53991,12.4023
1970,5.30358,13.3644,6.81992
1969,4.98,13.2891,8.66725
1968,5.98463,11.7202,7.60671
1967,2.37935,11.5484,13.2249
1966,5.10485,10.7838,2.83149
1965,8.28253,10.8816,5.36089
1964,6.93643,10.4362,1.5322
1963,1.03961,8.60694,12.1873
1962,3.20739,9.0976,14.3636
1961,2.24135,8.63764,15.9176
1960,7.59056,8.7827,1.76305
1959,2.56407,7.87862,6.78428
1958,5.36088,7.39841,6.72652
1957,4.11305,13.1538,10.4284
1956,7.23843,8.71795,7.25407
1955,8.85941,11.0911,6.9355
1954,6.61319,12.303,9.50388
1953,6.49655,11.5527,13.3259
1952,9.41561,11.0782,5.94314
1951,4.0509,11.5405,9.54216
1950,7.03659,15.6068,7.77892
1949,1.06745,6.88071,15.1192
1948,5.22284,9.26341,10.6855
1947,5.16154,11.024,10.4994
1946,1.78821,7.2542,11.1576
1945,6.7815,15.9431,6.23698
1944,4.83053,7.11619,3.61164
1943,8.87634,13.6261,4.903
1942,7.38176,12.2361,6.22841
1941,6.41274,7.71768,4.58057
1940,6.04645,7.74075,6.25344
1939,7.47604,13.1785,11.1942
1938,4.91608,10.3846,12.5923
1937,9.64645,8.83816,3.74788
1936,6.10895,12.652,13.5331
1935,5.67317,14.7505,15.3714
1934,7.8901,15.1079,8.12584
1933,8.78054,10.6237,10.0015
1932,7.95913,7.69619,7.7382
1931,1.86645,7.29418,12.2676
1930,6.5354,13.8823,12.1596
1929,8.33074,9.28341,10.304
1928,9.20002,10.0859,3.78888
1927,7.12358,15.6528,15.2644
1926,6.33236,11.8968,12.1141
1925,7.16407,9.22124,-1.49797
1924,7.61418,10.0727,11.4863
1923,9.97516,10.2986,8.19632
1922,4.67544,11.7594,10.8161
1921,8.31516,12.669,12.4382
1920,8.56116,10.9549,11.9331
1919,9.01732,11.8852,5.72931
1918,6.04661,5.04174,-2.35521
1917,7.90424,7.91327,7.01771
1916,8.70383,16.7618,8.99942
1915,3.82963,10.0805,15.0707
1914,7.62637,9.04962,8.96119
1913,10.1563,8.60848,4.96719
1912,3.95517,12.3763,12.9554
1911,12.4864,13.8255,2.43925
1910,7.89031,10.5979,7.49072
1909,8.64153,14.7794,8.40088
1908,7.30805,7.12972,0.182997
1907,7.81549,11.2091,2.44476
1906,8.76231,13.2006,12.5494
1905,6.79919,14.5534,15.0447
1904,5.6697,10.0444,5.79609
1903,7.68442,8.51832,8.94444
1902,6.27377,13.8081,11.6812
1901,7.7327,8.46403,10.3703
1900,8.85025,7.68022,3.42042
1899,6.85359,10.6019,12.4065
1898,11.4541,8.93956,1.78195
1897,5.82177,10.0454,9.71479
1896,7.16899,6.38618,-0.499453
1895,9.26228,11.8797,10.0456
1894,12.0631,14.1587,6.28145
1893,9.48456,8.71149,1.77656
1892,8.84924,12.6465,12.6743
1891,10.9915,10.434,3.10024
1890,5.74492,12.0022,10.4545
1889,10.4229,17.8024,15.3195
1888,9.87115,15.93,10.6743
1887,8.43409,7.17741,0.466967
1886,10.8928,14.5562,14.4716
1885,9.60361,10.2206,7.56497
1884,10.8071,13.4426,7.67987
1883,8.8447,15.2757,15.552
1882,10.1541,8.58916,6.83326
1881,10.9354,17.0374,10.2967
1880,11.7156,11.9874,11.0781
1879,7.55337,9.67706,10.8849
1878,12.2087,13.7309,7.91362
1877,3.96616,9.45464,10.6261
1876,14.3907,11.9214,3.50289
1875,6.59399,9.0818,3.82772
1874,9.07785,10.0677,6.24021
1873,10.2402,17.0512,15.9099
1872,8.80587,11.1056,7.50139
1871,8.6681,6.98059,1.6781
1870,8.77375,6.45672,2.28678
1869,4.43332,11.3634,15.4292
1868,5.60411,7.73047,2.40147
1867,9.25048,14.6423,10.5061
1866,7.11601,6.15473,-1.92061
1865,11.267,9.5817,6.33755
1864,13.0143,13.4508,4.78396
1863,4.70092,10.6469,13.324
1862,13.9377,11.8435,5.22652
1861,10.0076,6.92346,6.08833
1860,7.97206,11.0769,12.6426
1859,8.37619,11.8857,10.9952
1858,10.8203,16.7966,14.4307
1857,9.88884,9.4441,5.3953
1856,10.1039,10.3183,7.45474
1855,8.22938,11.7804,5.39684
1854,16.1126,13.0067,-1.58223
1853,8.58749,7.51789,4.80471
1852,10.4176,9.23419,-1.48577
1851,11.8348,10.5188,-1.12331
1850,13.611,14.8266,7.91699
1849,7.51353,8.40768,3.68819
1848,7.13988,10.4058,7.02762
1847,8.76487,10.6528,12.5989
1846,5.66565,10.6227,14.4873
1845,9.23185,9.55842,4.83322
1844,14.5734,11.1742,4.97593
1843,9.65859,8.66201,9.38645
1842,9.75317,8.03609,-1.3101
1841,13.0918,12.5671,12.148
1840,9.63301,10.8575,9.25344
1839,11.7419,10.2865,4.65497
1838,14.67,9.75313,6.96606
1837,7.20302,12.8393,15.5348
1836,11.7973,8.27263,8.43969
1835,8.38759,10.9904,10.3259
1834,10.2324,8.22603,8.71605
1833,9.06604,5.7514,0.0170044
1832,4.51875,11.5147,15.7093
1831,11.1591,8.76204,3.35522
1830,7.7226,8.50453,6.38028
1829,10.2964,12.4289,6.70421
1828,13.3785,12.6727,13.2307
1827,8.7872,10.8343,8.23909
1826,12.3095,8.73143,4.87023
1825,12.9838,16.472,13.6866
1824,11.2646,6.9242,3.66906
1823,12.1844,9.08052,-2.77787
1822,8.6341,8.38768,6.73456
1821,14.1479,12.4901,12.8393
1820,10.8772,8.32809,0.446244
1819,8.60092,8.34185,13.5637
1818,9.94516,9.04175,10.5746
1817,11.5646,8.98742,0.329364
1816,14.8237,8.49861,5.28387
1815,12.9379,8.96031,6.72733
1814,9.332,8.24681,9.68013
1813,11.9724,12.7296,7.64878
1812,15.3094,16.7367,15.0527
1811,10.4387,10.9427,9.26536
1810,14.8754,11.2214,0.917011
1809,14.1933,11.8137,2.12685
1808,14.2416,14.4133,11.2028
1807,14.3152,14.5387,11.7349
1806,11.423,8.3807,-0.367747
1805,12.1278,10.1733,10.0019
1804,14.617,10.5298,8.93181
1803,12.6107,9.01742,11.5338
1802,16.0945,11.3646,6.00977
1801,14.3526,11.5962,7.50867
1800,10.133,9.09658,8.27576
1799,10.1787,7.47472,1.80584
1798,12.1737,8.75283,11.0754
1797,15.0101,12.1584,6.22342
1796,9.98222,10.0432,13.5912
1795,11.4827,12.265,12.1793
1794,15.5187,9.70821,5.46974
1793,13.9393,10.9175,11.9413
1792,15.0842,15.1055,11.0014
1791,15.7314,11.1162,12.481
1790,12.241,13.4604,13.1184
1789,9.24261,9.68999,8.71964
1788,7.9293,7.62189,1.31725
1787,6.78881,10.7795,10.6642
1786,13.4645,10.2386,9.81058
1785,12.379,7.52771,9.16196
1784,10.5831,13.1052,11.6976
1783,10.0943,9.42579,6.45435
1782,13.6353,9.05752,10.6634
1781,10.535,7.84008,11.541
1780,12.7049,6.72544,-0.55898
1779,9.82925,13.2777,14.0431
1778,15.6128,10.3442,7.08596
1777,19.8064,11.3084,-1.3002
1776,15.056,11.4819,11.2437
1775,17.4202,11.9056,4.47762
1774,9.13335,9.0116,5.06691
1773,9.46162,10.7364,11.0537
1772,16.2889,14.6371,9.4664
1771,17.5669,9.86382,2.02717
1770,11.6131,10.6561,6.68964
1769,17.0828,8.89723,0.679787
1768,9.56128,5.31659,-2.30177
1767,13.9914,10.5116,10.4275
1766,11.7977,6.77519,7.0534
1765,15.1972,8.36745,7.81913
1764,11.1808,7.89597,8.71718
1763,10.113,12.7594,11.8806
1762,12.8443,11.7381,11.9927
1761,16.3322,6.74539,4.42033
1760,13.5443,7.70493,4.15356
1759,10.7037,8.56504,2.8336
1758,18.817,9.86601,1.76225
1757,9.40907,10.5094,9.00922
1756,13.941,8.51979,10.8201
1755,14.097,10.885,8.74522
1754,13.2864,9.82167,4.51233
1753,10.7621,9.43903,4.28847
1752,13.2171,9.50282,5.80912
1751,11.8379,5.87668,-0.588742
1750,9.18285,9.12789,6.60453
1749,11.1752,5.03991,3.09903
1748,7.84663,11.8886,11.8913
1747,14.586,7.67248,-2.91421
1746,11.8056,7.07927,7.67369
1745,14.0794,10.465,5.04895
1744,18.6852,11.2423,6.92591
1743,16.9444,9.19085,9.85191
1742,10.1164,10.1752,12.9207
1741,18.1051,10.4974,11.4838
1740,16.2982,6.75759,1.23706
1739,13.176,11.6295,11.4762
1738,15.8117,8.86692,3.24516
1737,11.1552,7.78738,4.4021
1736,13.3917,7.05525,2.22284
1735,20.7139,8.84874,-1.02929
1734,12.2236,10.121,12.9487
1733,17.2939,10.5638,10.3154
1732,15.4767,8.83456,6.13884
1731,17.9654,13.5916,13.5878
1730,13.4788,10.4184,6.58061
1729,17.9233,12.3112,12.003
1728,15.3962,9.90966,8.68591
1727,15.719,9.1842,9.83422
1726,10.6789,10.4216,11.0772
1725,16.0376,7.65328,9.82563
1724,15.3555,9.70444,13.0476
1723,12.9727,10.655,12.4061
1722,18.4046,10.1413,3.60185
1721,15.5276,5.78947,5.19642
1720,13.5574,6.04563,4.17452
1719,16.084,10.8939,10.4585
1718,18.7005,10.6267,4.89381
1717,17.9676,13.5608,15.3489
1716,19.7779,11.8967,14.9063
1715,18.4413,8.50814,2.57651
1714,18.292,9.49537,13.5159
1713,14.615,7.35901,10.1287
1712,14.7669,10.6777,9.21624
1711,18.2731,8.09963,6.65526
1710,20.0556,12.9674,14.4157
1709,13.1058,6.54378,1.54643
1708,19.8573,11.8049,8.27233
1707,13.0126,6.92764,6.72401
1706,12.3494,6.46763,-0.673292
1705,13.9339,8.56029,10.4431
1704,18.6221,11.2271,6.81188
1703,18.5662,7.28639,7.1602
1702,14.5727,6.53403,-2.45284
1701,16.0686,6.09955,1.23295
1700,14.339,7.5144,1.89297
1699,11.391,7.53272,0.942311
1698,17.0799,11.9367,13.1398
1697,16.9522,7.13423,2.12682
1696,16.6063,8.91241,4.61027
1695,13.9299,6.71638,2.32512
1694,18.9826,9.43099,4.24277
1693,19.8882,11.2133,12.4039
1692,14.4198,9.13494,12.3592
1691,15.8753,10.0227,13.7216
1690,20.1946,9.941,13.6629
1689,18.4699,10.7646,14.5513
1688,18.6732,8.77998,4.88462
1687,17.1793,9.15476,13.2031
1686,17.9097,7.6017,1.8055
1685,15.7148,7.20557,0.15731
1684,18.1532,7.13574,12.8119
1683,17.8959,8.18776,11.0481
1682,15.641,6.85133,12.1961
1681,17.6448,10.1047,13.5865
1680,16.33,6.08291,3.94816
1679,15.9393,7.76257,4.27014
1678,19.7794,4.18948,2.46899
1677,12.3963,11.3599,10.1064
1676,18.0822,4.6873,3.92278
1675,21.0239,4.50249,-0.0758239
1674,20.7149,10.4412,14.3405
1673,17.1952,12.4315,15.905
1672,15.4722,8.65929,7.60609
1671,13.6428,8.17864,11.389
1670,17.3084,5.56925,10.9255
1669,20.6089,3.99465,-0.54631
1668,22.2083,9.09614,11.9148
1667,14.9857,5.27663,4.13463
1666,16.0811,9.96629,11.707
1665,15.4222,6.6521,11.9837
1664,14.3035,5.18691,0.394787
1663,12.5139,10.7907,9.91453
1662,19.6772,5.71385,6.60501
1661,23.4121,5.1465,-1.2071
1660,22.113,8.45547,12.9772
1659,16.8069,5.91718,5.14178
1658,22.0433,8.33089,11.1224
1657,20.5052,6.87282,10.0636
1656,18.4014,5.91067,11.3878
1655,17.4867,6.569,3.78552
1654,19.8444,6.8926,4.00216
1653,15.7999,7.07383,10.201
1652,18.5356,5.91866,10.6458
1651,18.3968,6.13375,5.72903
1650,19.6861,8.4349,11.6476
1649,19.0723,1.98975,3.48176
1648,12.949,12.2476,14.019
1647,18.0719,3.85521,5.07669
1646,14.8762,4.02423,4.46869
1645,17.7181,6.89078,8.03366
1644,20.2706,7.00663,10.77
1643,15.5874,12.2752,16.6987
1642,15.991,7.02059,5.33372
1641,13.1521,4.84889,-0.576452
1640,22.776,3.05591,-1.37358
1639,14.6843,7.25513,1.6681
1638,16.3411,2.92322,5.69208
1637,15.4567,11.2091,15.8672
1636,19.9572,10.0647,12.7791
1635,17.3976,5.62242,1.89322
1634,18.2865,4.30217,5.53254
1633,19.9031,4.30275,6.98057
1632,19.7076,5.38425,13.5468
1631,15.6577,4.39905,5.39059
1630,14.3795,10.1867,9.77177
1629,17.6638,7.31813,8.11495
1628,19.3479,4.26064,11.9338
1627,18.1397,2.19377,3.3578
1626,15.7767,5.34619,9.24236
1625,13.9989,6.95875,8.7489
1624,13.9063,10.2684,12.4599
1623,17.384,4.54995,11.0355
1622,19.318,4.95747,13.6839
1621,17.8107,2.33714,5.23558
1620,22.3449,8.48118,15.3675
1619,17.2007,9.04818,15.2093
1618,20.1266,5.43836,13.5669
1617,19.8453,3.1647,8.07436
1616,15.2887,4.03648,4.15488
1615,20.5536,5.08453,8.49035
1614,15.9173,6.00724,10.0613
1613,13.8402,4.26139,2.89439
1612,15.4292,3.98657,9.26831
1611,14.1526,10.4994,12.0351
1610,16.9517,5.35559,7.70075
1609,19.9217,8.57383,14.5106
1608,14.6881,2.85791,2.23318
1607,17.7617,5.90681,8.98216
1606,19.2613,1.63363,4.82773
1605,14.4135,5.66418,8.55262
1604,17.7653,6.77715,6.55933
1603,14.5287,3.76253,4.26393
1602,14.2823,3.90473,7.18896
1601,15.1188,8.06153,10.2308
1600,14.6111,3.83916,3.053
1599,18.5847,4.00288,5.54542
1598,20.1935,6.70851,14.4593
1597,16.3908,3.65699,5.66508
1596,13.5874,7.18676,14.5337
1595,13.5052,4.98687,9.36039
1594,13.5693,8.73692,12.4809
1593,13.0455,4.74548,12.8271
1592,15.0522,4.34463,8.32616
1591,13.2343,3.10143,4.69639
1590,17.6748,4.14625,8.30945
1589,17.0604,2.02883,3.794
1588,15.2107,1.3407,3.58029
1587,20.744,3.26437,6.22295
1586,15.0443,6.36906,14.788
1585,17.4482,3.34476,9.16658
1584,17.2514,4.07001,2.09112
1583,14.1194,4.64159,5.07002
1582,18.0597,6.39845,11.6053
1581,15.0469,6.17185,12.2436
1580,13.0358,6.07309,13.8436
1579,15.2956,2.66697,8.6619
1578,14.4132,8.44765,11.8568
1577,15.3663,5.29761,4.33197
1576,13.2328,2.76565,6.20513
1575,20.8442,0.806881,-0.156704
1574,16.0865,3.45008,6.72585
1573,21.2593,2.84166,3.24564
1572,12.9046,5.21548,13.7717
1571,15.8533,4.66969,5.43995
1570,16.419,2.52547,3.93098
1569,19.1035,3.01307,11.4987
1568,14.3944,3.28859,2.00783
1567,16.1098,3.02526,7.07028
1566,20.1284,-0.651205,2.84365
1565,12.8399,5.56427,12.0225
1564,17.6428,3.90896,5.92255
1563,15.2952,8.91842,14.6766
1562,13.0371,3.44138,7.8215
1561,16.9022,0.661422,7.3861
1560,19.8817,-1.28655,2.83595
1559,17.8862,4.57836,8.36298
1558,18.4563,0.70766,7.04211
1557,18.6793,2.71507,12.9422
1556,12.9552,7.37103,12.354
1555,17.6427,3.89085,13.7134
1554,13.9204,5.38029,13.0126
1553,16.2362,1.45334,9.20885
1552,17.8814,1.61604,8.5206
1551,17.3059,5.16798,6.60394
1550,20.2679,-0.872547,2.77276
1549,17.1291,-0.169494,2.62642
1548,22.0328,4.47755,12.5302
1547,12.4135,5.0271,2.93395
1546,18.6198,0.446887,7.28797
1545,16.3332,2.82092,1.45772
1544,16.7936,-0.593384,3.71049
1543,14.8524,0.599653,6.1998
1542,18.9133,-0.35184,6.06087
1541,12.2239,8.29554,13.8484
1540,19.0095,7.56097,17.4591
1539,21.1434,1.97228,8.64701
1538,13.336,2.29202,2.17917
1537,15.3287,2.98476,10.66
1536,16.8757,1.34239,3.4502
1535,20.3081,-1.11531,1.36272
1534,19.846,3.50878,11.41
1533,14.43,5.53485,11.495
1532,17.0566,1.66918,11.6205
1531,13.324,3.99111,1.616
1530,14.6444,5.50817,11.3912
1529,20.1708,-0.248831,0.298753
1528,17.6831,3.55384,15.043
1527,15.4639,3.21884,4.44225
1526,14.2216,4.15472,3.84187
1525,20.1273,2.78971,11.4818
1524,20.2876,-0.317118,4.80759
1523,14.2244,5.64646,8.21601
1522,16.1463,4.44601,8.38938
1521,15.711,2.92853,12.0119
1520,17.9464,0.803614,7.43134
1519,18.2439,2.06768,11.7542
1518,21.7167,0.738842,13.7
1517,20.1508,-0.306918,5.76188
1516,19.7669,1.66275,7.38841
1515,17.6375,2.93285,10.7326
1514,14.1492,8.14506,16.3994
1513,14.5883,0.869571,7.96178
1512,18.6112,-0.697278,5.62497
1511,15.858,3.54707,5.36412
1510,16.3295,4.45814,6.98135
1509,15.6834,0.936368,9.41475
1508,17.2268,5.03843,12.9822
1507,18.4072,5.77821,13.4316
1506,19.0965,-1.99805,5.93266
1505,17.5915,5.91454,12.2015
1504,16.2788,7.65861,14.1407
1503,16.3278,5.15975,15.5905
1502,19.3422,1.22602,8.50658
1501,20.5731,-0.429189,5.22771
1500,18.5798,0.0267907,4.10088
1499,18.9096,1.44117,1.44374
1498,17.8505,0.913756,11.9404
1497,19.0152,-1.36626,1.99555
1496,18.185,1.28021,10.9606
1495,16.5176,0.84378,8.1322
1494,14.9871,3.36344,4.89979
1493,16.7272,6.82877,17.2016
1492,17.888,-1.08544,8.68983
707,-1.9754,0.503759,2.47311
706,2.63895,-2.96486,-2.36271
705,1.22633,-5.10816,1.47128
704,0.402167,-2.63755,4.45873
703,1.57694,-2.39269,2.43712
702,-1.01786,-1.87704,3.67617
701,0.84457,0.763205,5.28783
700,1.13003,-5.33301,6.4183
699,3.4802,-1.41947,9.98011
698,0.472915,-0.411216,1.65624
697,-0.268148,-0.392033,-0.13548
696,2.02173,-2.9712,4.93266
695,1.36467,2.31404,8.826
694,0.773683,-1.22747,3.74594
693,1.10119,1.54476,1.27269
692,-1.05307,1.61103,-1.72972
691,-1.33179,-0.792976,7.31312
690,0.10084,-4.53971,6.64239
689,-0.210882,-5.20596,2.17032
688,-0.290893,-2.06587,6.7021
687,-0.954137,-4.01481,1.16559
686,-0.655639,-1.55121,9.46039
685,-0.240216,0.762092,7.23416
684,6.32459,-6.3225,12.4125
683,0.528932,-0.634878,6.5306
682,-0.231321,-3.81888,0.939929
681,2.4214,-5.6381,-0.210509
680,3.27043,-5.37194,4.39268
679,-0.935052,1.08755,-2.92047
678,2.45123,-5.44929,3.4709
677,1.20621,-4.15348,4.8113
676,1.84036,-1.64841,7.65373
675,0.252023,0.551902,1.10173
674,0.871617,-1.05709,-2.63168
673,-1.06489,-0.566122,9.85587
672,1.44459,0.444894,6.20982
671,3.37365,-2.54373,3.35145
670,-0.151874,-2.74863,4.62589
669,-0.432289,-1.73713,-0.568222
668,0.991316,0.227418,-4.78863
667,3.04791,-0.147055,11.9178
666,0.382996,-4.13751,-0.521138
665,-1.90506,-1.93655,0.16115
664,1.72249,3.39001,10.0049
663,-0.208049,-5.01294,-0.0858054
662,1.30906,-4.11894,3.50634
661,2.56145,-7.27972,2.22752
660,2.03226,2.29856,9.02378
659,-0.295581,-6.80532,-1.10568
658,3.51956,0.989567,12.7756
657,-0.36369,-3.19522,6.05823
656,3.33478,-5.4802,6.15792
655,3.95147,-5.81631,8.34385
654,1.00917,-5.92865,1.07723
653,2.34228,-1.83607,3.74566
652,0.804868,-4.35544,-2.69547
651,0.772484,0.0386623,8.00169
650,2.15317,-2.79505,10.0446
649,0.241673,-1.46857,7.84955
648,-1.67113,-1.59911,-1.21895
647,-0.903148,-3.39657,3.44751
646,2.15419,-7.56153,-1.38819
645,3.14887,-4.46188,-0.00228079
644,-0.219721,-3.8422,6.12604
643,-0.479871,-5.16689,4.8213
642,2.39369,-3.6218,6.23122
641,2.10459,-2.68157,7.16255
640,-0.287009,-5.57112,7.86378
639,-0.813133,-1.22638,-0.0550427
638,2.77437,-4.21302,-0.889052
637,4.45856,-5.60939,8.05338
636,0.611729,-6.09343,2.72324
635,-1.87895,-3.26803,1.50493
634,1.44206,1.16297,-1.63322
633,0.685534,-6.9286,5.67554
632,3.69887,-6.40795,7.97974
631,-1.91177,-4.88247,0.115617
630,0.280159,1.82852,-5.06623
629,-1.00156,-1.72032,0.958221
628,-0.00815192,-0.495146,5.14671
627,2.93384,1.34032,11.4175
626,3.55699,-7.22279,7.18778
625,2.7987,-5.01351,1.06541
624,1.15166,-2.57402,8.81034
623,1.53388,-8.30936,4.27695
622,2.06375,-6.81012,2.28601
621,-1.85968,-1.3807,-1.09802
620,-2.03738,-4.04116,-0.544283
619,1.01376,-4.62613,-3.44542
618,0.302175,-7.21497,-2.82106
617,2.40564,-8.67016,3.59947
616,0.298595,-7.16047,5.40665
615,-0.793154,-5.31061,3.39084
614,-1.598,-1.61202,-4.21462
613,2.92254,-7.42298,2.93853
612,-0.984392,-3.41328,-2.89908
611,2.71136,-3.80969,9.65157
610,2.06459,-1.71267,1.61892
609,1.37671,-4.52105,-4.18299
608,-1.91248,-3.3708,-1.93788
607,1.93631,-1.61646,1.84715
606,-0.671568,-3.02756,4.4474
605,2.19033,-9.92969,10.3454
604,1.50783,-10.6369,-1.90437
603,3.57982,-10.5315,5.65842
602,-0.616637,-5.94687,3.57028
601,1.17427,-7.52392,3.75868
600,1.51272,-4.84417,4.30018
599,-1.80326,-9.52559,-3.50475
598,3.90471,-9.44061,11.6763
597,1.08361,-9.02033,7.70272
596,-0.165675,-8.84425,-3.59538
595,3.12692,-6.46557,6.79476
594,0.913567,-10.5958,0.755166
593,3.64826,-7.08616,8.68827
592,-0.3246,-6.15551,2.01074
591,-0.519639,-4.27857,0.161902
590,1.91322,-4.7816,4.73264
589,3.43746,-2.62703,10.2946
588,-10.2193,-10.5472,3.15782
587,-7.44244,-8.8634,-1.91119
586,-11.3513,-8.07305,3.85539
585,-11.1265,-8.15281,-0.140316
584,-8.01174,-11.5329,1.69537
583,-7.36474,-10.4312,-3.22994
582,-11.796,-8.1282,3.47498
581,-11.5975,-5.60251,-0.463891
580,-7.83329,-8.25161,3.17067
579,-9.64523,-12.6531,2.83691
578,-10.2725,-6.22827,0.10935
577,-10.1328,-8.76885,1.00387
576,-9.12614,-10.0357,6.32022
575,-9.12302,-7.93132,6.31087
574,-7.6119,-14.7153,10.9951
573,-11.7928,-7.85474,-2.97509
572,-11.7878,-7.42697,1.82576
571,-12.2488,-8.45598,-5.6964
570,-12.4693,-6.23898,-0.985103
569,-16.622,-5.17009,-1.04888
568,-15.6097,-4.48448,-8.65537
567,-12.741,-5.53411,1.78458
566,-11.9252,-5.69947,0.967222
565,-9.25057,-7.1327,-1.35861
564,-13.046,-8.96693,2.18151
563,-11.7416,-4.76152,0.561945
562,-12.7345,-3.63844,1.65696
561,-9.98261,-6.20247,-5.29712
560,-9.75858,-6.63817,0.502882
559,-10.3996,-9.0144,1.82296
558,-13.6917,-7.24403,4.82951
557,-17.1012,-5.45956,2.31057
556,-16.609,-6.61984,6.92788
555,-12.484,-4.32645,3.82442
554,-11.7168,-9.93081,7.26487
553,-14.1056,-8.30533,8.16144
552,-12.5295,-8.66126,-3.65808
551,-14.0196,-5.62168,-8.88813
550,-15.9806,-6.26299,9.49506
549,-13.7362,-5.06753,4.83949
548,-14.3729,-1.95517,-4.93039
547,-14.7651,-3.17683,1.28168
546,-12.1065,-1.91551,-3.33352
545,-14.0239,-8.38636,1.131
544,-9.88669,-9.74952,-3.49489
543,-14.636,-6.50178,-2.24856
542,-11.4008,-4.85733,4.23028
541,-12.5068,-9.29568,4.74782
540,-14.5023,-3.36637,-3.03866
539,-10.235,-9.22648,-8.2304
538,-11.6051,-9.89377,-1.14443
537,-11.7967,-5.18613,-3.48651
536,-15.424,-4.11204,4.26335
535,-11.2349,-3.97074,1.89685
534,-14.4372,-2.00012,1.12517
533,-10.2853,-5.15527,-4.62361
532,-11.1727,-10.2717,-3.34498
531,-12.0834,-4.14564,1.33647
530,-10.7169,-7.50249,2.85759
529,-12.5533,-4.36009,-1.4086
528,-9.88871,-8.2353,4.69202
527,-10.7931,-5.71677,-0.138578
526,-13.4455,-7.28246,5.18693
525,-11.4354,-11.1537,7.10165
524,-11.3789,-7.24091,-0.741986
523,-11.6731,-5.15524,4.64174
522,-15.1031,-1.88049,-1.5098
521,-11.7809,-5.35225,0.922804
520,-10.1034,-4.04582,0.18273
519,-9.62751,-6.80226,2.46392
518,-15.6531,-3.8448,-3.40011
517,-13.3883,-2.75769,-0.689163
516,-11.1977,-8.90003,3.48562
515,-11.1489,-2.89888,1.16427
514,-10.2487,-7.91046,-1.35577
513,-12.7907,-5.38473,-2.9247
512,-13.8673,-2.1333,-0.175815
511,-15.1496,-3.92209,5.87341
510,-15.3933,-1.32803,-5.81119
509,-12.8288,-3.61697,4.68887
508,-15.5023,-2.19069,-2.26722
507,-10.5024,-4.08125,-3.14093
506,-14.5352,-4.54562,7.26821
505,-10.4141,-3.72906,-1.08078
504,-9.56408,-7.70868,4.83302
503,-13.5865,-3.95501,8.4778
502,-13.5503,-2.0916,5.08711
501,-9.31733,-6.43682,6.19235
500,-10.8128,-6.20651,-1.09528
499,-11.9496,-9.34851,9.38564
498,-11.2129,-2.06529,-0.0247016
497,-12.5399,-7.99575,8.13793
496,-15.103,-2.47618,-3.17177
495,-14.4946,-4.83276,3.29549
494,-11.3137,-3.79861,3.54776
493,-12.1942,-2.8582,-2.69958
492,-10.636,-3.11271,-2.56446
491,-10.2855,-3.61838,-4.26006
490,-10.5385,-2.16142,-0.315921
489,-13.4546,-1.40374,5.0454
488,-14.5996,-2.17156,-2.50031
487,-14.2515,1.64074,-8.5269
486,-9.90807,-2.54835,-3.97932
485,-5.9065,4.69155,4.51013
484,-6.38082,1.35436,-4.87593
483,-7.68646,2.56571,0.39421
482,-5.80128,2.38012,-2.62824
481,-9.31043,1.58014,-4.15787
480,-6.55198,3.69014,-1.4887
479,-11.4483,2.2913,-4.94785
478,-10.0033,4.23344,-1.1043
477,-9.47161,5.481,1.72273
476,-7.33367,1.95678,1.94788
475,-7.7408,0.927472,2.24586
474,-15.0122,0.312319,6.26568
473,-8.97616,-0.212869,4.56735
472,-10.499,-0.924887,5.94764
471,-10.418,4.2603,4.00676
470,-9.60437,0.758143,5.62489
469,-8.448,-0.492619,-1.44415
468,-7.81292,1.56838,4.39054
467,-14.2937,-0.498261,5.46358
466,-9.35824,1.36199,1.22469
465,-8.42694,0.540638,2.25857
464,-6.16487,5.5121,-3.59729
463,-12.7421,0.109729,-0.589484
462,-8.99423,3.28049,-0.0969809
461,-9.51295,2.90012,-0.278565
460,-7.87437,1.31104,-7.09177
459,-5.48275,3.3517,-0.462511
458,-5.35446,3.14069,3.56194
457,-7.48598,5.29718,-1.2226
456,-9.50455,3.91603,3.57334
455,-8.73015,5.66732,5.30734
454,-10.4288,3.4922,2.38466
453,-14.2283,-0.0244882,4.82271
452,-9.06163,-1.19573,1.8126
451,-7.81022,2.21398,-2.16735
450,-9.53865,3.92245,3.81384
449,-8.77871,-1.86924,1.06794
448,-7.8199,2.65122,-0.498949
447,-9.94116,-2.36596,-7.92169
446,-8.0775,1.38608,4.50683
445,-8.02669,1.66567,-4.1515
444,-6.83106,0.601451,-5.35555
443,-5.91563,2.09114,-2.21094
442,-7.62296,1.50192,1.02371
441,-10.6444,-0.00769667,4.42723
440,-13.1879,-0.719514,-3.52289
439,-8.99384,2.62697,3.1903
438,-11.2864,-0.631727,-5.38101
437,-7.623,1.6623,0.936184
436,-11.7707,-1.07818,1.8654
435,-10.5795,0.565909,-0.71748
434,-5.89309,2.09009,-4.83936
433,-8.62613,4.46967,-5.45047
432,-8.89977,7.2413,8.31131
431,-6.4384,1.63668,3.12027
430,-8.66309,0.387592,-1.83963
429,-9.02306,0.668236,-2.26023
428,-11.6371,-0.297744,-7.94783
427,-6.66866,3.95453,-3.98889
426,-8.69453,-1.12833,-0.00687075
425,-10.2553,-1.30821,0.786084
424,-7.74679,-1.6605,-5.04397
423,-7.86688,5.8456,6.02247
422,-9.22754,-0.828462,0.988884
421,-10.9452,4.76713,9.16161
420,-5.68448,4.53987,-5.09139
419,-8.45458,-0.944627,1.87419
418,-7.2042,4.47232,-10.0991
417,-7.16883,5.75095,-1.24306
416,-12.8193,-2.60494,-5.96411
415,-5.51219,3.13563,-2.72372
414,-9.47338,-1.1104,0.616903
413,-9.83627,1.31326,0.943906
412,-7.79052,0.915655,-1.86463
411,-6.70346,0.589679,1.36617
410,-8.44846,-0.874926,2.26339
409,-4.89791,1.60147,-4.54077
408,-10.9529,-0.491267,6.81585
407,-7.18239,0.298995,-7.69891
406,-5.33706,4.39304,-7.77311
405,-6.63264,5.43802,-9.51783
404,-11.3693,-3.26401,-10.4184
403,-12.9892,-2.39434,-2.96604
402,-9.07111,2.78242,1.52907
401,-9.75168,-1.40589,0.667804
400,-10.6576,-0.766977,2.6335
399,-9.81533,-2.61411,2.67971
398,-9.07495,1.65051,0.94337
397,-6.30246,0.663972,0.959109
396,-11.0054,-0.872877,2.15759
395,-12.6387,-1.36526,4.92175
394,-10.4141,4.36868,6.13046
393,-11.8636,-1.12911,2.44501
392,-9.96835,1.37564,0.343977
391,-10.7033,3.21273,2.69926
390,-10.8386,-2.61997,-0.975893
389,-8.92567,-1.06251,3.25535
388,-11.0266,-5.11693,-9.72279
387,-7.32244,-0.104186,-5.49211
386,-11.7405,-5.74807,-11.2539
385,-9.23315,6.45201,3.90773
384,-12.0881,-0.543361,1.14285
383,-8.29357,-1.24102,2.14392
382,-10.5179,-2.50518,-4.85669
381,-8.1159,-2.74424,-2.27867
380,-8.91172,3.21797,5.8641
379,-7.23645,-1.41357,-0.965246
378,-8.6389,-1.94422,0.146724
377,-12.0591,-2.58602,-2.5009
376,-8.63352,2.34235,-2.95464
375,-6.84438,1.43663,-2.22491
374,-7.49994,-2.78253,-2.88681
373,-7.38201,4.29428,-4.01909
372,-9.23727,-1.27653,5.43622
371,-6.7035,0.350267,0.686997
370,-10.3993,-2.09353,4.68472
369,-9.24024,-0.26644,0.0235341
368,-10.0745,5.44503,3.55855
367,-13.1903,-2.24692,4.30478
366,-7.73823,-1.94824,-5.11896
365,-10.2801,2.82866,-0.893002
364,-8.77505,-4.2734,-6.61485
363,-9.80819,1.78649,-7.41641
362,-7.30112,0.942142,-1.8176
361,-12.5758,1.04123,8.76947
360,-7.88695,-1.98053,-1.56887
359,-7.63117,-0.527294,-0.0150799
358,-9.6652,-2.74554,-7.09056
357,-10.297,-5.69788,-10.5488
356,-12.753,-6.45487,1.17326
355,-7.79616,2.54424,-8.42972
354,-10.8851,-0.945945,-0.77575
353,-9.53231,-4.62668,-7.71617
352,-11.1843,-5.31135,5.80069
351,-8.22568,-2.23222,1.11797
350,-6.74261,1.9286,-8.13713
349,-7.12395,-3.09762,-1.90835
348,-9.19506,-4.32551,-3.92391
347,-8.46341,-3.08915,-1.23735
346,-11.5054,-6.16507,5.11492
345,-7.87422,1.59336,-3.53701
344,-9.76166,-3.65517,0.904466
343,-7.25195,-3.55613,-1.89224
342,-8.61828,-3.79525,3.50977
341,-8.14859,2.70387,-6.94471
340,-8.00403,0.478059,2.00977
339,-10.405,-3.92334,2.91687
338,-13.4279,-6.47222,2.30391
337,-7.33093,-0.17699,3.14344
336,-8.9954,-4.4506,-6.38732
165,-4.87043,-3.11774,-3.04036
164,-5.82669,-7.44741,-6.81692
163,-2.326,-9.53454,5.1977
162,-1.40395,-8.31483,4.05331
161,-2.96225,-6.45144,0.712777
160,-5.53365,-6.35792,-0.150761
159,-5.81566,-5.4632,-7.42923
158,-0.689345,-7.54746,-2.66953
157,-3.59006,-6.56818,-5.18214
156,-5.26294,-6.20643,-3.2335
155,-2.94482,-10.1358,-1.57157
154,-5.58208,-7.22454,-4.16157
153,-1.13585,-8.69584,0.41403
152,-4.71382,-4.19002,-1.99824
151,-5.73736,-5.20517,-1.26207
150,-0.787521,-6.55706,-5.35277
149,-6.14942,-7.64856,-3.4901
148,-5.54603,-4.63072,-1.59062
147,-3.24795,-8.56801,-3.43463
146,-4.85913,-10.3862,2.25534
145,-3.91194,-9.11659,-1.61287
144,-8.59405,-6.84076,0.533287
143,-3.99506,-5.04053,-6.83097
142,-2.68151,-9.29926,-3.50415
141,-6.60889,-7.72038,3.16885
140,0.743527,-7.86917,-2.67911
139,-5.36611,-4.74504,-1.47826
138,-4.56629,-6.16022,-0.594463
137,-2.32082,-5.5338,0.200675
136,-3.75721,-8.37253,2.97496
135,1.599,-6.7018,-6.83231
134,0.0121189,-6.99615,-0.0126974
133,-4.33969,-9.16422,3.39721
132,-1.59322,-7.58201,-2.61223
131,-0.907156,-6.67973,0.913564
130,-3.21298,-10.4908,5.08039
129,-3.74713,-6.72458,-9.71207
128,-4.32913,-3.11771,-4.92279
127,-3.44907,-6.52908,-9.19922
126,-6.16296,-5.97147,-1.96842
125,0.334413,-5.09975,-7.59076
124,-4.29228,-5.18898,-10.5308
123,-3.43756,-7.85285,-2.55885
122,0.549428,-9.90903,3.57118
121,0.7775,-12.7017,5.32936
120,-1.67858,-4.29808,-4.92767
119,0.533313,-6.2209,-3.11706
118,-2.49881,-5.71523,-6.82545
117,-1.78435,-6.47317,1.27961
116,1.05036,-7.65665,-2.95395
115,-3.99046,-6.52433,-2.60768
114,-2.98466,-9.10839,3.68474
113,3.06514,-11.7378,3.62711
112,2.15247,-4.2436,-4.68309
111,-4.37507,-5.92231,-6.76542
110,2.7554,-8.61473,-2.74669
109,-0.489748,-10.9688,2.6039
108,-1.06212,-6.73442,-2.77765
107,-0.743854,-7.5813,-1.35439
106,2.09435,-6.05525,-3.40511
105,-2.81613,-8.52827,-3.00169
104,-2.03813,-7.8029,-5.757
103,1.5534,-9.42295,-1.47726
102,-2.80998,-4.41089,-2.64802
101,-3.22128,-8.44406,-5.29775
100,0.772866,-6.64382,-2.47701
99,1.55047,-8.90116,-1.54319
98,-4.4638,-5.11676,-7.0725
97,1.52492,-6.4821,-2.78549
96,2.16413,-4.56778,-9.09323
95,-5.12743,-9.8303,2.21585
94,-5.27162,-10.388,2.182
93,-2.22155,-5.72181,-1.64438
92,0.224219,-9.14407,0.620633
91,-3.07758,-6.98486,-2.57311
90,-0.665192,-6.77663,1.28667
89,-0.138976,-6.25789,-6.46529
88,-5.15178,-9.87463,3.19886
87,-0.39902,-3.56558,-5.49764
86,2.02597,-6.76384,-6.53077
85,-1.32044,-5.70296,0.765261
84,3.03584,-6.69569,0.937971
83,-1.41899,-3.86186,-4.87543
82,2.1963,-6.73696,1.97492
81,-1.76251,-5.73949,-6.11149
80,-1.18206,-6.95079,0.877808
79,3.29642,-7.29378,-7.05602
78,-2.26942,-6.33464,-7.2632
35,-3.58126,-7.4191,-3.62857
34,0.631802,-7.4954,-5.47052
33,-0.723256,-6.54806,-7.58797
32,2.55586,-6.77141,-1.3624
31,2.0993,-8.06496,2.32442
30,-3.94603,-5.31215,-10.5063
29,3.79898,-7.87603,3.68612
28,0.0752842,-11.1575,3.58164
27,3.07983,-9.53304,4.19098
26,-1.83589,-8.93379,-2.87936
25,-3.67386,-6.30817,-2.49509
24,0.265505,-3.57267,-5.67423
23,-3.78639,-9.56528,5.42215
22,-1.41539,-5.5365,-10.304
21,-4.42812,-9.28885,1.98915
20,-1.24728,-5.78536,-3.53014
19,0.232172,-7.45396,-3.3669
18,-4.47241,-8.1618,-0.266312
17,-4.26382,-8.51668,-0.32579
16,0.996648,-5.26909,-0.569962
5,1.48534,-10.1311,-0.425155
4,-2.45286,-6.04889,-2.99046
3,-2.46842,-7.01496,-2.2878
2,3.29929,-5.42167,-4.07721
0,-3.43226,-9.35137,-1.11812
1,-0.903864,-7.97363,2.34286
6,-3.40175,-5.5453,-6.86238
7,-0.0742112,-9.40702,1.96931
8,-0.610386,-8.24787,0.645793
9,3.57666,-8.15383,1.29542
10,-1.69777,-4.81038,-4.9517
11,1.1682,-4.36268,-5.34533
12,1.19595,-7.76377,-7.08505
13,-1.09767,-8.89605,-3.3883
14,-5.19526,-5.88124,-8.74773
15,1.41112,-6.86226,-7.43001
36,-1.4785,-8.59558,3.26402
37,5.04953,-11.3039,6.42109
38,-1.16387,-5.72383,-2.59854
39,-4.28001,-6.8158,-4.69467
40,-0.177189,-6.39895,-0.140665
41,-0.922193,-6.69527,-3.2702
42,-1.46649,-6.08366,-2.07815
43,-2.49955,-8.4624,-4.33658
44,3.58599,-4.8794,-7.18828
45,5.3388,-9.74774,-1.961
46,1.7466,-4.96014,-3.30669
47,-4.1222,-4.46368,-6.72813
48,0.313715,-5.37955,-1.22267
49,0.312382,-8.16651,-4.73842
50,4.97503,-9.22549,4.10614
51,-3.09841,-7.24044,-8.00721
52,2.05497,-4.73262,-2.23137
53,1.39842,-8.99613,4.95393
54,0.825968,-3.52867,-5.77477
55,-2.9318,-7.94534,-7.08264
56,1.43363,-8.1336,1.02402
57,2.07709,-5.14245,-3.23085
58,-3.94076,-9.14164,-3.22153
59,-0.847554,-9.03891,-0.945881
60,4.37896,-8.1758,-2.44097
61,2.94742,-10.7607,6.21626
62,-2.82574,-11.4712,3.86774
63,1.93509,-6.0439,-1.20246
64,-0.587341,-5.91062,-5.41145
65,-1.1935,-6.80822,3.63648
66,0.095665,-6.59758,-10.4272
67,-1.02272,-9.70679,5.24514
68,-2.05904,-8.57852,2.73255
69,-0.909657,-8.99579,0.074723
70,0.480748,-9.012,-3.1301
71,3.07049,-7.11924,-8.85056
72,-1.07919,-7.91901,3.17463
73,3.8289,-6.38419,-1.66671
74,-3.53906,-7.73423,-3.30755
75,0.187303,-8.39631,-3.1194
76,-2.93955,-5.334,-4.869
77,0.522971,-10.6168,5.2789
166,-5.7832,-6.19204,3.40791
167,-1.8108,-12.3616,5.0026
168,-5.59406,-3.53498,-2.86301
169,-5.21606,-11.3817,5.25542
170,-4.19908,-6.69148,-1.26384
171,-9.35169,-5.73592,-1.46074
172,-6.57663,-6.66213,0.778636
173,-2.94326,-10.4525,-5.23331
174,-4.21431,-8.2207,0.369992
175,-3.70447,-5.32261,-7.61136
176,-2.98248,-8.68227,-1.12819
177,-3.67983,-14.6381,6.94984
178,-2.75681,-8.69801,1.17095
179,-6.01365,-5.50184,-0.896782
180,-5.44295,-8.43214,-6.38732
181,-9.80998,-5.26459,3.56118
182,-6.61004,-6.28435,-2.39843
183,-6.84142,-2.99138,-9.226
184,-7.00769,-10.4019,7.61071
185,-7.0771,-5.1533,-2.03791
186,-8.33563,-4.89754,3.34762
187,-5.85031,-6.97729,-3.1409
188,-4.07514,-5.40414,-2.32658
189,-3.46321,-6.65292,0.478684
190,-1.35491,-8.11012,-6.18521
191,-6.3256,-7.29532,-6.28012
192,-5.20688,-5.81515,-0.640815
193,-3.35971,-8.56472,-0.491256
194,-6.73423,-9.97973,0.160666
195,-6.49798,-8.61035,3.93855
196,-3.92088,-8.80034,-1.56036
197,-6.42802,-5.25297,-5.53226
198,-2.55338,-10.6619,-3.99555
199,-4.14442,-13.5363,0.827691
200,-4.19195,-7.5055,0.623965
201,-5.44076,-9.1592,4.64572
202,-8.026,-4.9488,0.331889
203,-7.27519,-7.35823,4.65678
204,-5.7912,-8.91459,-0.270078
205,-7.52617,-5.34818,0.540862
206,-8.17318,-2.07384,-8.09262
207,-7.30406,-6.06818,4.66435
208,-6.86665,-3.73152,-0.0577337
209,-4.24571,-10.8175,-4.99597
210,-2.59,-7.96497,-7.26787
211,-5.21903,-9.93814,4.10698
212,-8.24346,-7.36236,-4.26054
213,-4.90763,-12.4598,6.33715
214,-7.41199,-5.18198,3.82426
215,-6.56461,-11.6989,2.99388
216,-2.66801,-9.96916,-9.81862
217,-5.22353,-11.8638,-3.61525
218,-5.93014,-9.519,4.57736
219,-8.26598,-8.41922,-1.8481
220,-2.61033,-9.81483,-7.20707
221,-3.80416,-6.8637,-1.06019
222,-7.22158,-3.63216,-5.94131
223,-3.4183,-9.50307,-2.46369
224,-9.25467,-7.71965,1.09582
225,-5.28982,-7.78966,0.95467
226,-7.55819,-5.31941,3.08622
227,-6.77613,-6.7707,1.52179
228,-6.11434,-10.2875,-0.712028
229,-9.04261,-2.08986,-9.24626
230,-6.99714,-14.3468,6.61036
231,-12.8299,-5.44642,8.29738
232,-9.82685,-3.95286,-3.22789
233,-7.34594,-5.43545,1.70929
234,-4.66203,-6.29904,-0.223155
235,-4.30405,-8.83674,-8.59957
236,-4.64719,-5.6988,-3.07392
237,-12.6256,-4.27856,6.85488
238,-7.51784,-4.61671,-2.80216
239,-4.78988,-9.04285,-3.45096
240,-5.19591,-8.11798,-2.1311
241,-8.98306,-2.68977,-7.57379
242,-8.95456,-2.69376,-5.36791
243,-6.67092,-4.96563,-1.13441
244,-4.88348,-7.87746,-0.203143
245,-6.72297,-10.981,-1.09751
246,-6.29319,-8.49835,-2.42814
247,-8.6261,-6.23872,2.36919
248,-9.49598,-5.15231,-7.05238
249,-7.98946,-8.85911,0.392018
250,-7.24412,-7.3801,3.4354
251,-6.76934,-4.54027,4.04945
252,-6.85721,-11.4236,-2.69445
253,-7.38284,-5.31621,0.0569211
254,-9.18454,-6.86197,1.32488
255,-9.4997,-9.33045,5.95621
256,-6.09104,-3.93081,-5.81948
257,-10.2171,-3.93624,-0.283101
258,-6.91745,-5.46842,1.7147
259,-7.33546,-5.03967,-4.3428
260,-6.31569,-6.80226,4.91456
261,-11.7909,-2.00736,2.94952
262,-5.60938,-8.92632,-4.09613
263,-7.48912,-6.2576,3.94352
264,-10.6531,-4.01035,6.4091
265,-9.4825,-0.605303,-9.72945
266,-4.27857,-7.28022,-3.09448
267,-10.7986,-4.91395,6.41747
268,-8.10313,-5.51064,0.437251
269,-8.05093,-4.57226,0.513144
270,-6.26705,-5.31373,1.06899
271,-5.4784,-8.17764,-3.95187
272,-8.81212,-7.47938,0.637485
273,-5.87324,-7.45561,1.25542
274,-5.71802,-6.83301,-6.48917
275,-8.46243,-4.60043,-7.49693
276,-7.68156,-7.20084,-6.28068
277,-9.77857,-3.23131,1.50691
278,-4.02286,-7.55988,-6.07259
279,-6.47236,-3.55044,-0.212488
280,-9.84126,-3.3303,-1.37765
281,-10.2737,-5.78545,-0.301759
282,-9.52234,-6.10917,-0.274475
283,-11.285,-0.431576,-3.46186
284,-6.08356,-2.95846,-3.72337
285,-10.6112,-2.53187,4.81108
286,-6.79744,-3.34693,-4.93424
287,-7.25997,-3.50949,0.558881
288,-7.52083,-4.11695,-1.03899
289,-9.31476,-3.57117,-5.77653
290,-9.12636,-3.23443,-2.8877
291,-10.038,-9.10527,3.56382
292,-9.45981,-7.39005,-5.56419
293,-6.45347,-7.32169,-8.2805
294,-8.4522,-7.36088,-3.11227
295,-12.2839,-1.05225,1.68623
296,-7.18375,-5.99665,4.78991
297,-6.70249,-4.39967,-2.43518
298,-9.58859,-4.10097,-9.02954
299,-11.7338,-6.19888,2.75443
300,-8.36653,-3.99444,1.17186
301,-10.2586,-6.81121,-0.360269
302,-11.9252,-2.54243,6.19729
303,-8.33071,-1.3152,-5.5248
304,-8.70747,-4.69196,-8.06281
305,-11.5775,-6.1002,-0.393243
306,-9.94378,0.0559568,-0.0244158
307,-7.05289,-6.39747,-0.220604
308,-8.23372,-2.13314,0.361059
309,-9.24454,-1.97976,5.14273
310,-10.5165,-5.45645,0.667043
311,-8.22166,-1.94465,0.0586457
312,-8.94978,0.0786816,4.76742
313,-8.6217,-1.00972,-0.719994
314,-10.7408,-1.17545,-5.82282
315,-8.51338,-4.47046,-1.0043
316,-9.07573,-2.29446,2.54684
317,-12.3185,0.267053,7.56404
318,-9.50503,-6.40454,-2.19251
319,-9.83828,-3.06163,2.16063
320,-8.16483,-0.850799,-6.3286
321,-12.401,-8.91839,5.03144
322,-7.73939,-6.69465,-1.11699
323,-12.8253,-6.48051,5.98654
324,-10.2368,-5.08218,-2.25344
325,-10.2202,-8.21656,-2.10879
326,-7.36935,-1.99075,2.07264
327,-8.37643,0.149831,-6.23385
328,-10.6711,-2.74972,1.7451
329,-8.86745,-2.44863,-1.57547
330,-10.3953,-7.35364,-10.4894
331,-8.11437,-3.65635,1.29631
332,-8.45186,-2.09656,-8.09973
333,-8.94028,2.04252,4.81508
334,-10.7968,-1.03282,5.69948
335,-7.93265,-4.94374,-4.43698
708,4.99405,-5.81859,-3.32133
709,3.14214,-3.97464,3.53238
710,1.97344,0.0587734,7.41645
711,-1.22897,-1.16451,9.97345
712,-0.309252,-4.05671,3.50929
713,0.648356,-2.31018,10.418
714,-0.625706,0.0771265,3.89377
715,0.704943,-2.56955,5.80753
716,-0.341392,-1.2223,-2.60502
717,5.66769,-4.023,3.02137
718,5.73443,-4.36479,-2.18541
719,0.397087,-3.64037,1.83625
720,-0.167861,-2.70553,3.9691
721,2.61677,-2.31037,4.96952
722,-0.0194317,3.77981,6.02804
723,-0.262374,-3.21034,0.5602
724,3.15239,-3.35233,4.96788
725,1.25861,-1.93674,10.1072
726,0.703929,2.6078,3.32312
727,-1.46286,-2.29932,2.51914
728,-2.01766,-0.161285,2.82139
729,1.77468,0.510318,8.81162
730,1.38691,0.526757,1.30911
731,1.10622,-4.51807,-0.855376
732,1.9933,-0.340763,6.47031
733,1.34466,-1.13288,7.88647
734,1.43919,-1.47595,7.37968
735,1.51088,-3.7309,4.46632
736,0.253996,0.281336,3.46528
737,-1.06666,1.65162,6.71173
738,-2.40406,-0.136433,9.02975
739,0.537993,-1.08371,1.62844
740,2.96786,-0.223845,3.43988
741,-0.794598,-0.186148,0.382887
742,5.17582,-2.69725,-1.87869
743,-2.59855,-0.171642,10.1331
744,4.55513,-2.04695,-1.89304
745,4.70981,-3.03386,2.2453
746,3.08686,-2.42159,2.40358
747,1.7336,1.44627,3.41867
748,2.66249,-0.805578,1.22019
749,0.715146,0.165677,2.74777
750,3.33632,-0.694152,6.04834
751,1.99627,-3.4851,5.25009
752,1.58651,1.6875,-3.92273
753,-0.368644,4.23164,8.9332
754,0.0643441,-3.05502,6.50667
755,1.45967,1.29311,7.75589
756,-0.478894,4.18155,7.67525
757,-0.834976,-0.585372,5.14794
758,4.48586,-1.32679,9.80853
759,4.07363,-1.27349,6.66671
760,-1.67582,-0.103614,4.08121
761,3.27925,1.28639,11.8998
762,-1.13091,0.639064,-1.37993
763,0.988065,1.24862,12.6744
764,-1.62471,0.752785,1.76557
765,3.33918,-2.95593,-1.02479
766,-1.46042,-0.340195,1.35058
767,0.855593,-1.90243,2.15725
768,-0.612848,-1.13969,6.60564
769,4.38586,0.163906,9.65706
770,0.503987,-0.927505,10.9392
771,0.299853,1.49869,-3.5473
772,-3.3786,3.83508,11.5292
773,-2.8716,3.8342,3.98447
774,-0.433956,1.42151,10.0256
775,-2.32988,3.03801,-0.529043
776,-1.50081,1.9801,7.39063
777,-4.33882,2.57716,10.6799
778,4.56308,-0.32052,-3.51127
779,0.935834,-1.55799,0.371866
780,3.9831,-0.808906,1.73275
781,-0.809457,1.02515,7.84003
782,1.41881,0.219858,-1.42484
783,-3.13518,5.64825,11.4998
784,0.29287,2.35788,4.56834
785,-2.93115,2.59426,5.19926
786,2.19951,2.57482,14.1788
787,1.96661,2.99153,12.4407
788,-0.736986,3.93771,2.65037
789,-1.21978,2.07535,7.80343
790,-3.02371,1.75551,-3.20153
791,1.29729,-1.72078,2.84308
792,-4.54573,2.1294,4.32255
793,1.167,2.36191,-0.0223842
794,-0.437457,0.285729,5.36565
795,-0.582186,1.62936,1.97496
796,-2.91646,0.69564,4.93309
797,1.6662,0.789208,2.92599
798,-2.44702,4.06672,-1.42472
799,3.69247,1.93682,2.94241
800,-4.7002,4.4886,1.75455
801,0.725748,-0.960102,4.70471
802,-1.63798,-0.258486,2.12377
803,-4.70061,4.89223,1.66157
804,-0.467845,-0.335794,-0.0573026
805,-4.21829,3.47218,-4.53866
806,-5.02251,2.92327,9.5015
807,2.64077,-0.47176,3.5976
808,-2.82535,2.82583,8.74054
809,0.232346,0.0432671,8.51678
810,0.725722,2.89247,0.317605
811,2.52491,0.718604,-1.55254
812,3.40369,3.02844,11.1345
813,2.27831,0.426898,10.5426
814,3.41013,1.90106,12.3749
815,-2.27494,3.91421,6.7444
816,-0.271157,-0.10965,5.77627
817,0.489275,2.07346,9.06231
818,-4.60004,2.75617,1.06074
819,1.36874,2.87086,-2.23236
820,-3.43669,1.63799,7.79684
821,-1.0438,-0.281919,-1.45845
822,-1.4019,2.72285,6.98331
823,0.90694,0.518585,7.51121
824,-3.43371,0.539152,4.98755
825,-1.87644,-0.47061,-0.486273
826,-5.18947,1.85365,-2.70194
827,0.26983,2.32474,4.55377
828,-6.03158,4.23282,-3.27657
829,-4.34952,5.19278,5.59961
830,-0.615846,0.601327,2.76399
831,0.927856,2.86779,10.9394
832,-4.12774,0.538987,-1.22424
833,-1.94409,2.14901,1.61251
834,-2.0681,2.27893,7.1991
835,-0.413845,2.57902,2.15667
836,-2.4201,0.511302,0.794547
837,-7.02418,4.95968,10.3498
838,-7.18732,4.30103,10.5858
839,-5.04617,2.89855,10.6204
840,1.60807,4.06267,3.86423
841,-4.80827,1.19017,2.18414
842,-1.12209,0.981084,4.00538
843,-3.1927,3.90927,5.8876
844,-1.14815,1.76311,3.51059
845,1.28588,3.53856,7.69062
846,-2.79425,3.0968,6.06804
847,-1.5979,3.1083,-0.328918
848,-4.84297,2.77585,5.1205
849,-1.98136,4.23816,3.41382
850,-2.50006,2.29781,2.42726
851,-7.1192,3.54722,4.16699
852,0.544882,3.24383,10.1667
853,2.01574,3.96315,-1.3566
854,-7.10348,1.67224,2.1372
855,-3.73184,3.0514,10.5637
856,-5.70793,3.23079,2.30208
857,-1.71283,2.60498,0.884527
858,0.572394,2.77556,-0.109045
859,-4.13415,1.89271,3.45303
860,-5.19113,4.92329,11.8246
861,-4.33444,5.07952,1.58665
862,-1.26907,2.92734,0.0396545
863,-3.44073,2.52992,2.34635
864,-5.89846,1.90155,0.752024
865,-3.16588,2.34517,7.2462
866,-6.62612,1.99663,7.79707
867,-4.33645,5.61038,7.69675
868,-6.7203,6.33677,12.8036
869,-3.74597,2.76311,5.13912
870,-6.88425,0.970105,3.69317
871,-7.7934,2.19579,0.524676
872,-4.28111,2.97142,9.74852
873,-13.1988,0.506205,0.552046
874,-11.6094,1.82384,5.43657
875,-4.24884,2.41923,0.866853
876,-9.31601,2.50891,4.42578
877,-10.7202,3.6183,5.8055
878,-8.35613,3.17005,4.14364
879,-4.81957,5.42263,-1.00353
880,-5.49713,5.90854,7.84456
881,-5.9272,-9.32479,-1.0773
882,-5.86192,-8.64755,0.647061
883,-11.1249,-11.5445,15.7607
884,-11.4057,-5.6898,6.43198
885,-13.5421,-7.7002,9.62888
886,-10.6643,-7.4794,3.72982
887,-8.61384,-8.47331,4.6703
888,-7.17705,-10.5176,5.69925
889,-11.6333,-8.29238,11.1355
890,-10.2818,-5.84454,3.63871
891,-12.7906,-6.961,6.73412
892,-11.9592,-6.31374,9.21314
893,-10.2996,-8.73806,7.90896
894,-8.67755,-7.25552,6.82486
895,-5.49937,-11.3575,1.25007
896,-6.88534,-10.3778,-3.09154
897,-6.67435,-11.802,13.1966
898,-11.4606,-7.00975,0.462606
899,-3.27446,-9.72842,0.959089
900,-7.87749,-11.8643,3.52182
901,-8.22054,-8.17065,2.36104
902,-11.1246,-11.0069,7.27623
903,-10.2711,-11.1799,13.3392
904,-4.35953,-8.19364,2.20693
905,-10.3548,-9.69731,4.72544
906,-12.3436,-10.7433,6.7219
907,-9.08854,-8.88408,7.83407
908,-4.96441,-9.39173,11.3487
909,-4.47411,-8.35012,8.83693
910,-7.80652,-9.96252,13.0532
911,-5.85366,-8.86714,11.4795
912,-2.15121,-10.8879,15.041
913,-9.83903,-9.07122,9.62176
914,-2.92548,-10.8436,7.02442
915,-3.29355,-11.1912,1.16457
916,-7.87258,-11.7883,11.9164
917,-11.0256,-12.9135,8.1956
918,-4.0933,-9.15439,8.17324
919,-4.06428,-8.42207,12.5457
920,-8.12475,-8.48526,0.753975
921,-10.7578,-10.4387,12.3443
922,-4.2597,-9.02145,11.4733
923,-8.15141,-9.74413,8.35676
924,-2.46038,-7.63258,3.95663
925,-2.52438,-8.2793,9.52976
926,-6.81576,-13.8022,7.94527
927,-4.60528,-11.9378,5.81991
928,-1.64843,-10.7665,6.27585
929,-3.9141,-9.98594,9.98789
930,-2.40416,-7.63678,3.19599
931,-1.71766,-11.636,9.01143
932,-6.75269,-10.587,1.36393
933,-8.96874,-10.6347,-0.164144
934,-5.59728,-12.2679,7.48899
935,1.54795,-10.1663,12.0804
936,-6.67439,-13.1678,13.587
937,-5.85308,-12.3055,4.09542
938,-7.56309,-11.6136,3.87225
939,-7.09498,-15.1306,3.4321
940,-4.0219,-9.68889,10.282
941,-4.57449,-12.737,14.5883
942,-0.165536,-7.94049,7.43121
943,-2.39703,-10.9349,13.2853
944,-5.28542,-8.52209,7.54809
945,-6.7712,-11.176,5.83709
946,-3.39754,-11.5827,7.09527
947,0.871459,-8.88187,2.92535
948,-5.83172,-9.79146,10.1013
949,3.94842,-2.22544,7.6025
950,4.08394,-6.73579,12.6185
951,1.77962,-5.13261,5.15273
952,3.6233,-4.73421,13.257
953,4.4921,-1.12286,10.5216
954,1.79227,-3.52258,4.35755
955,2.36203,-4.14688,6.00749
956,2.81114,1.39872,5.24886
957,4.2646,-5.72809,3.83261
958,0.909066,0.181816,5.63764
959,2.01527,-3.45007,5.35596
960,4.59307,-0.206082,9.91047
961,2.18681,-5.69967,5.53971
962,2.49817,-5.94473,3.05558
963,3.77948,-4.74563,10.7318
964,9.89651,-8.56936,15.6486
965,8.81431,-4.48198,12.36
966,4.41711,-6.68022,6.45236
967,6.98766,-3.0741,11.1205
968,5.49125,-3.14279,6.75119
969,4.87752,-1.02915,11.4734
970,5.75937,-2.45729,8.86466
971,8.06359,-8.52411,15.9417
972,4.77156,-8.1131,-0.980593
973,2.20829,-5.05147,4.53521
974,2.49196,-3.20552,3.80869
975,7.81745,-1.28567,11.1062
976,2.72531,-5.29559,5.73956
977,5.70884,-4.24426,8.74088
978,3.8064,-7.40296,6.7898
979,6.0968,-6.41144,13.3089
980,3.43567,-6.68233,7.84076
981,5.54671,-4.83134,1.24116
982,5.90423,-5.58091,7.47861
983,8.02161,-6.56854,9.95718
984,6.16024,-8.9732,6.09625
985,4.0732,-2.77945,5.36855
986,5.30165,-1.22103,13.9595
987,7.07902,-5.52916,6.02876
988,4.56578,-1.57319,11.5152
989,3.09028,-6.65858,3.79032
990,7.33197,0.0966859,12.3527
991,7.49267,-4.88483,9.09379
992,3.11953,-5.14446,7.17031
993,8.12006,-0.950379,11.6955
994,4.51585,-0.265141,5.70613
995,7.51202,-8.8875,10.3883
996,5.87587,-3.45269,8.29797
997,4.44842,-7.06409,12.2881
998,8.16065,-1.17025,10.3086
999,5.90055,-7.65206,12.2921
1000,8.98299,-0.158022,9.9878
1001,5.45708,-4.90934,6.85247
1002,4.27443,-1.9935,9.85346
1003,3.69882,-1.44617,2.43844
1004,6.69382,-2.76041,6.17934
1005,5.20857,-1.78307,12.2736
1006,3.21315,-0.817001,1.44133
1007,8.57171,-4.47433,9.04096
1008,2.45879,-5.71099,2.59924
1009,3.41259,-5.8488,7.88806
1010,3.58987,-6.67996,2.47978
1011,8.46153,-4.46053,13.6376
1012,9.00238,-5.36038,11.0045
1013,6.6133,-2.38769,9.36218
1014,2.21744,-8.279,3.57026
1015,4.17248,-6.06386,5.9393
1016,8.15073,-3.24968,12.5595
1017,9.28693,-8.94234,12.6626
1018,8.60927,-7.91248,15.4069
1019,6.95357,-2.98674,11.8791
1020,10.2578,-12.1247,15.5722
1021,4.92132,-2.61852,6.87316
1022,2.80922,-1.07981,3.76204
1023,6.95778,-2.17417,10.1766
1024,7.45007,-9.61684,6.0159
1025,9.0815,-8.47335,12.8262
1026,7.60945,-5.88128,13.9503
1027,6.29649,-4.64264,12.0439
1028,6.60726,-3.92786,7.75408
1029,3.92727,-5.08549,8.56103
1030,4.13483,-4.01484,6.2467
1031,5.38731,-3.2101,9.59103
1032,7.24176,-4.9632,7.84907
1033,9.23383,-0.999286,15.886
1034,7.32591,-4.37112,12.2203
1035,3.38896,-5.11011,5.05569
1036,6.77191,-6.97104,4.99488
1037,5.84165,-5.5915,5.22529
1038,6.51327,-4.68075,10.9643
1039,4.55617,-4.57519,3.90351
1040,5.15044,-2.4574,4.82747
1041,9.74374,-9.25776,12.6102
1042,7.70817,-9.67852,6.2613
1043,5.39373,-5.16608,6.88835
1044,7.09152,-4.09132,0.64602
1045,5.23087,-7.08023,11.8017
1046,4.62505,-1.42857,1.27176
1047,9.25784,-2.00048,14.9396
1048,8.57706,-2.32411,8.42527
1049,6.60907,0.349652,-1.09898
1050,4.34863,-8.58858,6.76261
1051,7.33403,-6.2979,13.4988
1052,6.10707,-8.08503,11.4641
1053,7.19388,-7.08662,7.57704
1054,5.85157,-1.96835,5.96914
1055,6.27086,-1.78029,6.46833
1056,7.95543,-10.3173,8.61452
1057,4.73511,-4.44026,7.03401
1058,7.85672,-5.99294,11.9288
1059,6.31212,-3.00524,8.1805
1060,7.28749,-0.233288,5.98956
1061,9.31033,-3.41969,15.988
1062,9.26123,-5.45131,13.8088
1063,7.09177,-4.63166,6.59695
1064,8.98118,-8.70796,11.9752
1065,5.81258,-7.11893,8.09793
1066,6.72898,-3.17816,6.73403
1067,10.5315,-1.47419,12.0853
1068,5.78796,-4.39493,9.31175
1069,9.04838,-3.3031,9.74004
1070,6.61123,-2.74103,14.1677
1071,4.88677,-5.12458,5.89264
1072,8.76781,-1.99489,6.60459
1073,7.43977,0.727783,-0.968685
1074,6.76712,-5.31839,14.2674
1075,7.23822,-1.11969,12.4087
1076,7.32164,-5.55741,8.55054
1077,10.3071,-5.08085,10.5611
1078,6.91743,-6.39424,14.9509
1079,6.36971,-4.98173,7.18932
1080,7.3808,-2.39825,13.3247
1081,9.62402,-6.4347,14.9967
1082,8.97202,-2.24829,11.4542
1083,10.2456,-2.33621,11.3673
1084,9.82778,-4.89553,9.25012
1085,8.40198,0.460149,3.03641
1086,6.71491,-2.15765,5.85945
1087,5.72957,-3.44769,5.77285
1088,9.99091,-7.34568,8.11292
1089,9.44802,-1.80879,12.241
1090,7.1511,-5.71414,2.70096
1091,7.03959,-7.79354,0.233286
1092,7.56771,-8.55991,8.21195
1093,9.26423,-2.22581,8.14048
1094,9.03778,-3.50327,3.84877
1095,10.3395,-6.67617,5.48975
1096,9.38749,-4.0752,0.200333
1097,10.5167,-10.5212,10.1969
1098,6.92176,-4.36711,12.4339
1099,8.65023,-2.96485,15.1852
1100,11.0826,-7.88822,11.4131
1101,6.97869,-4.92224,10.1762
1102,12.1638,-0.242342,15.6067
1103,9.73631,-9.61164,5.79229
1104,11.0961,-0.830707,12.0106
1105,9.77482,-3.38855,9.69381
1106,9.33732,-3.21019,13.5441
1107,5.988,-6.84776,4.79379
1108,8.83943,-5.67399,14.095
1109,7.02097,-7.80208,2.94105
1110,7.54964,-6.91481,13.1481
1111,7.31357,-7.43274,11.8176
1112,8.80191,-3.38441,11.035
1113,10.1355,0.348973,2.17833
1114,8.12417,-7.20264,14.1349
1115,7.8828,-3.47844,0.964746
1116,7.61849,-6.37662,8.15308
1117,9.65781,-0.408512,5.78587
1118,10.2265,-10.3707,13.6662
1119,7.81855,-4.91438,5.08526
1120,7.64684,-0.995088,2.66462
1121,11.0207,-7.72322,11.2858
1122,11.4035,-11.7076,14.8862
1123,6.08005,-9.603,2.32397
1124,12.2266,-2.47024,14.708
1125,6.73542,-7.33759,7.22296
1126,9.54725,-10.7156,8.33185
1127,8.44867,-7.25703,2.6967
1128,8.60921,-4.46821,12.2957
1129,10.4794,-5.96207,13.3792
1130,8.64053,-6.37694,14.1681
1131,9.26675,-8.5484,10.6867
1132,12.3681,-6.50314,11.5986
1133,10.6141,-5.23398,12.3203
1134,10.1001,-7.30292,11.5417
1135,12.348,-9.51424,14.2661
1136,8.289,-3.47055,6.74112
1137,8.58977,-6.83308,4.67746
1138,9.03187,-4.5627,10.0378
1139,8.76276,-1.63849,2.67307
1140,10.4901,-9.06603,12.0391
1141,6.16109,-9.93761,1.95826
1142,7.19796,-8.03075,8.37366
1143,10.9749,-4.83581,3.31594
1144,12.8574,-6.62142,11.3831
1145,11.7039,-3.27143,13.1521
1146,9.16621,-4.83652,8.31425
1147,12.2056,-5.35302,11.3838
1148,10.2948,-3.65884,8.75038
1149,11.6153,-4.42227,13.0589
1150,7.91992,-10.1318,3.82416
1151,10.6466,-7.30649,2.48077
1152,12.4322,-6.56235,13.7711
1153,9.52537,-9.25669,10.8564
1154,14.5262,-6.18441,16.3754
1155,8.92896,-11.4396,2.06961
1156,14.0064,-8.38603,17.2237
1157,11.3637,-1.75149,3.1759
1158,8.2674,-9.07893,13.0114
1159,11.9468,-6.5991,6.10288
1160,8.15629,-7.56887,6.97351
1161,12.7797,-3.46755,10.2803
1162,8.30503,-12.6948,-0.204528
1163,7.70151,-7.6861,10.2241
1164,12.0371,-8.21943,7.21543
1165,8.93187,-10.648,7.03086
1166,9.91175,-8.00629,1.05896
1167,11.0097,-7.23855,14.0891
1168,14.3923,-2.44682,10.4663
1169,9.97551,-7.46164,4.81471
1170,9.47185,-9.053,11.071
1171,7.99078,-7.63778,5.77729
1172,13.2549,-4.18724,15.7645
1173,11.0933,-4.16416,10.5288
1174,11.0279,-5.24413,11.9659
1175,8.16185,-7.83536,5.53254
1176,8.58772,-6.0318,6.5854
1177,9.94891,-10.8925,3.5947
1178,8.96873,-7.67603,5.94345
1179,11.3504,-8.71031,6.94017
1180,10.1834,-3.63437,5.70485
1181,7.96226,-8.00245,6.30666
1182,8.39754,-4.29162,7.58362
1183,11.8242,-9.69394,9.23212
1184,10.439,-9.42159,11.3299
1185,10.6328,-5.42298,3.06225
1186,10.0414,-8.35863,14.2468
1187,8.28014,-8.78912,9.0178
1188,9.20923,-13.1041,0.811093
1189,11.3085,-9.9263,7.67526
1190,12.6074,-7.87381,6.22353
1191,12.6773,-5.75461,-0.956142
1192,9.08127,-6.76731,9.12116
1193,10.7648,-12.9809,12.1919
1194,8.60233,-10.3134,10.7779
1195,8.07333,-7.95864,5.3784
1196,12.5626,-11.3898,15.7769
1197,12.618,-5.05658,14.946
1198,10.2546,-11.0817,9.5585
1199,11.7293,-9.14985,9.89894
1200,9.26999,-8.82314,11.4635
1201,10.6715,-12.3766,16.7238
1202,13.8279,-6.86941,11.1486
1203,13.798,-6.77117,10.4854
1204,10.4005,-5.29346,4.19761
1205,11.58,-7.49502,2.86748
1206,9.05276,-8.59956,8.3337
1207,14.1231,-5.98449,14.3678
1208,11.3061,-11.7088,4.81081
1209,10.4925,-4.9974,12.3512
1210,7.62956,-10.1828,3.01685
1211,12.102,-11.5628,14.2229
1212,11.9583,-8.81242,-0.119008
1213,13.7809,-7.27543,11.068
1214,14.7076,-5.36457,8.71103
1215,11.0519,-5.02889,12.6966
1216,8.48843,-9.66988,5.70535
1217,11.8588,-8.24271,14.427
1218,12.2483,-9.29292,2.20542
1219,12.9797,-7.98877,10.4678
1220,11.9924,-6.22079,11.7683
1221,13.7915,-11.3124,15.5262
1222,12.0457,-8.09911,10.9257
1223,15.2219,-4.67604,6.37165
1224,9.39523,-11.4922,1.99695
1225,11.1165,-9.32685,4.81583
1226,14.5884,-7.45483,10.5765
1227,13.0127,-7.55893,7.73585
1228,14.3199,-4.46529,13.3018
1229,11.3671,-8.16395,8.76462
1230,11.0319,-6.01021,5.38873
1231,11.6079,-8.35299,8.01648
1232,12.8038,-7.59163,12.649
1233,11.4811,-12.9854,6.85531
1234,12.4366,-12.3357,7.56887
1235,16.9018,-4.75526,14.3471
1236,11.6152,-5.08311,8.64544
1237,11.084,-6.935,9.70506
1238,10.6576,-9.60788,8.58672
1239,12.7057,-7.34709,11.3044
1240,11.6548,-9.01381,8.03735
1241,14.8522,-4.68833,8.60251
1242,13.3621,-5.45141,2.53776
1243,13.1405,-11.753,16.9788
1244,12.5403,-7.97021,6.0967
1245,9.63135,-8.74688,7.29987
1246,15.6411,-11.0633,16.9674
1247,12.8283,-13.6846,6.03659
1248,13.4562,-9.15482,3.05869
1249,9.40298,-9.20026,4.61182
1250,12.3075,-4.76724,10.1787
1251,12.8167,-6.87145,5.77468
1252,13.6519,-7.30495,-0.0912564
1253,14.0369,-13.336,8.20669
1254,11.2745,-9.99122,6.32929
1255,12.4184,-6.26004,10.1639
1256,14.8528,-11.8741,9.69372
1257,13.4179,-10.034,4.74173
1258,13.9251,-8.53996,3.45975
1259,16.6388,-2.44109,13.925
1260,13.5256,-12.5371,10.8174
1261,12.7255,-5.34814,8.97441
1262,12.3744,-4.38054,11.8895
1263,14.7962,-9.73744,9.98986
1264,14.0968,-11.4069,8.96956
1265,14.9973,-4.19136,6.18268
1266,14.9426,-11.6934,16.8288
1267,9.82983,-7.89542,5.34784
1268,13.9759,-11.0605,9.90956
1269,12.556,-4.91192,9.78254
1270,14.3553,-8.37419,13.2769
1271,13.4992,-6.36404,4.77429
1272,15.2672,-8.68222,10.6278
1273,14.66,-3.76165,10.186
1274,14.4755,-8.51387,0.583043
1275,12.2968,-6.06783,6.51637
1276,16.9699,-1.76521,9.06326
1277,16.2364,-7.84007,13.3835
1278,14.832,-11.3677,3.83558
1279,13.8949,-7.14853,10.5404
1280,14.3734,-7.99547,10.7311
1281,16.3572,-5.18791,12.5735
1282,12.638,-5.58853,10.3785
1283,12.8321,-6.39213,8.8199
1284,13.5796,-2.83133,9.80903
1285,15.0707,-2.31745,10.5773
1286,12.0294,-8.39849,8.0018
1287,15.6191,-3.70798,13.3294
1288,13.4192,-6.74048,5.07017
1289,12.3593,-6.87105,6.26116
1290,16.1282,-9.66963,8.93171
1291,15.5011,-5.62839,10.7064
1292,15.3785,-8.43683,13.3692
1293,11.6049,-7.1053,7.69564
1294,15.1822,-3.9642,15.6876
1295,12.7114,-7.42649,9.68764
1296,11.8792,-5.17107,8.08631
1297,15.9928,-1.77263,7.49954
1298,14.8476,-8.79196,9.35324
1299,16.9363,-0.447969,16.38
1300,15.1295,-8.48426,11.4185
1301,15.5762,-4.34068,5.2566
1302,15.2008,-9.25018,6.68204
1303,13.7709,-9.02255,9.11489
1304,13.9942,-9.65365,-0.418399
1305,15.3552,-9.74244,3.44828
1306,15.7528,-6.05343,10.5806
1307,13.7028,-8.35907,10.4593
1308,14.8434,-9.4318,14.6204
1309,12.4864,-7.30886,5.17207
1310,15.8941,-2.29303,4.39355
1311,15.0998,-4.09178,14.3299
1312,16.1569,-2.20769,8.04367
1313,14.9576,-4.23788,9.28022
1314,14.0353,-4.83731,10.0321
1315,14.1445,-6.99041,3.9634
1316,12.5185,-6.46761,4.59639
1317,15.7746,-6.81178,1.93328
1318,15.3196,-8.65135,11.3786
1319,17.9058,-5.38718,13.1639
1320,16.0344,-1.1094,7.57916
1321,14.4483,-2.35176,6.261
1322,16.1804,-2.59998,8.40208
1323,15.1025,-5.41943,6.56785
1324,19.1422,-9.79478,16.3939
1325,15.3892,-9.30902,-1.69864
1326,18.2917,2.43084,17.5176
1327,17.8628,-0.713337,14.2886
1328,13.029,-0.865281,0.558378
1329,16.2253,-4.35879,14.9295
1330,16.8497,-9.44686,8.32835
1331,15.7013,-7.32668,9.08571
1332,15.5446,-7.22408,8.48902
1333,13.5912,-0.427199,1.99207
1334,14.5251,-9.17828,2.7963
1335,13.809,-2.93192,0.534121
1336,16.6122,-3.09858,5.51356
1337,17.1252,-1.16879,10.4177
1338,15.3717,-5.27848,12.77
1339,15.0741,-3.76088,12.3115
1340,14.1358,-2.95476,4.9156
1341,18.5525,-7.7555,10.4241
1342,14.9655,-8.12347,5.41511
1343,16.6967,-2.43567,8.46947
1344,14.2063,-8.58729,4.49202
1345,12.7667,-3.24176,6.50928
1346,17.1562,-3.3285,9.45913
1347,16.203,-6.94623,6.56796
1348,14.855,-4.29517,10.8114
1349,13.6704,-2.78058,0.368106
1350,17.8341,-8.42654,9.21459
1351,15.0816,-9.25252,4.64579
1352,15.8955,-0.554313,9.48342
1353,17.9246,-0.784146,15.8972
1354,14.6453,-2.77144,14.5398
1355,15.7413,-4.86664,14.3382
1356,13.9125,-4.44184,9.58233
1357,16.2353,-6.50238,13.6187
1358,19.0112,-6.07292,13.7771
1359,15.0752,0.37213,3.33865
1360,14.8575,-1.9679,11.7718
1361,16.2848,-4.77598,4.53811
1362,15.3977,-1.53522,4.69955
1363,16.8079,-2.1197,14.7464
1364,16.1698,-5.99759,14.083
1365,13.6644,-1.57735,5.27883
1366,15.699,-2.77802,8.4434
1367,19.9978,-7.75327,10.7601
1368,15.1317,-3.50098,10.2494
1369,15.7084,-5.31756,10.2176
1370,16.5912,-2.73928,-0.0255491
1371,14.4585,-3.51081,5.84658
1372,17.0125,-5.72867,11.4948
1373,20.1609,-5.20644,16.3488
1374,16.8214,-5.96793,13.504
1375,16.8847,-6.19397,3.21748
1376,17.515,-5.66247,11.9921
1377,15.4072,-2.57852,7.13473
1378,15.851,2.22227,14.313
1379,14.3262,-5.08525,6.51459
1380,15.7947,-0.0254392,-0.110885
1381,15.6962,-3.29044,10.3553
1382,16.365,-3.18579,9.60755
1383,13.8637,-3.06459,7.9176
1384,15.6095,-0.991519,10.8582
1385,15.9997,-0.332437,9.55358
1386,15.6468,-1.8067,6.70921
1387,17.5793,-5.27759,15.6534
1388,16.3412,-2.82809,8.58965
1389,20.2926,-5.21473,11.571
1390,13.7224,-3.33024,7.24257
1391,19.5741,-6.71674,5.28081
1392,19.5912,-8.12035,1.40599
1393,19.5637,-5.55627,14.1531
1394,15.7853,3.34778,16.2088
1395,18.2297,-2.80781,6.23353
1396,14.9194,-1.47308,8.01038
1397,15.6024,-3.0173,8.11595
1398,15.1333,-2.41499,8.29932
1399,17.6722,-5.04909,13.3739
1400,16.4589,-1.8128,13.6131
1401,14.6315,-5.39997,6.58647
1402,14.2279,0.0153155,9.70388
1403,17.1104,-2.97471,15.0328
1404,14.0635,-1.06999,6.10167
1405,17.5499,-4.35884,7.95995
1406,13.7968,-3.44052,4.34971
1407,17.8348,-0.529042,15.5963
1408,13.8651,-0.159191,11.2962
1409,18.3485,-2.7391,9.17638
1410,16.7975,-1.472,2.35131
1411,21.2498,-6.97699,4.01866
1412,14.2501,-1.85438,9.01267
1413,15.4778,-2.67592,4.24019
1414,17.8027,-2.74576,12.3106
1415,15.7837,0.709603,2.41296
1416,17.2825,0.629936,15.5248
1417,20.4306,-3.63501,13.3138
1418,15.0606,1.51411,-0.430939
1419,19.3061,-2.58542,12.9065
1420,15.9131,-4.15479,6.81186
1421,16.7747,-2.96828,13.8783
1422,17.2399,-2.64718,12.8853
1423,18.7017,-7.18786,1.45682
1424,15.9029,-3.58557,6.09588
1425,17.7798,-5.61832,6.07092
1426,16.3241,-0.855661,8.98379
1427,16.2458,-4.43124,9.83219
1428,17.0116,-4.9035,5.66119
1429,16.1961,-0.791331,2.38803
1430,21.6979,-2.37797,10.6702
1431,18.2542,-3.59232,10.7048
1432,17.1554,0.797952,7.24562
1433,17.9303,0.679826,11.7238
1434,18.3035,-5.97984,1.43435
1435,14.3467,1.08679,13.333
1436,16.594,1.53147,8.06386
1437,19.8498,-0.686457,10.924
1438,15.803,0.0257666,12.5596
1439,14.7984,0.372961,10.4955
1440,17.4635,-2.12093,13.197
1441,16.4657,1.97825,10.7411
1442,19.8547,-2.54477,3.24202
1443,20.2451,-1.07879,7.85892
1444,16.7791,-4.05566,8.07852
1445,20.3706,-6.05081,0.52075
1446,15.7452,-2.08994,7.8464
1447,18.5116,-4.03122,1.51652
1448,19.2767,-0.636874,14.1372
1449,18.1223,-1.87062,9.78167
1450,18.7823,2.14882,10.0661
1451,16.6483,1.20838,3.95315
1452,19.3381,0.425244,12.3506
1453,16.6493,1.15322,5.99516
1454,19.955,-3.25586,9.01086
1455,18.243,-4.00393,3.74469
1456,16.2668,-2.59859,6.64459
1457,16.0146,-3.60232,4.57698
1458,18.376,2.9752,9.59272
1459,19.0747,-2.57689,8.86496
1460,16.7781,7.2076,16.8606
1461,14.4286,3.53854,0.392122
1462,14.982,0.626448,9.29208
1463,18.5709,0.93735,2.21737
1464,21.0052,-0.518482,6.98305
1465,20.7617,-1.44319,5.94677
1466,15.9407,1.69714,5.16387
1467,19.7831,-3.22298,14.9448
1468,19.973,2.44711,16.9997
1469,17.5023,-0.581481,3.30942
1470,19.6197,-3.36806,10.3604
1471,16.3443,-2.22855,5.65439
1472,17.9161,-1.16231,13.0242
1473,19.3526,-1.37213,2.97966
1474,20.4922,-2.3509,7.38353
1475,19.0743,-2.57524,1.61401
1476,15.5374,2.32854,13.8456
1477,19.0898,-2.31971,10.6262
1478,19.53,-2.4011,14.2441
1479,17.7341,3.9824,15.6784
1480,16.2558,-0.363944,10.6679
1481,15.2713,0.407006,10.5109
1482,16.9995,4.95273,12.081
1483,19.1256,2.97732,16.6969
1484,20.9337,-2.12003,14.7738
1485,15.4225,-0.383727,3.25213
1486,17.5236,3.00341,6.12011
1487,15.7276,2.25348,8.96597
1488,20.5688,-1.13108,11.104
1489,18.694,-1.35697,13.7693
1490,16.3818,6.62661,13.8246
1491,15.9752,1.10194,11.1403
